{"type":"FeatureCollection","attribution":"\u00a9 OpenSkiMap.org, \u00a9 OpenStreetMap contributors (ODbL)","features":[{"type":"Feature","geometry":{"type":"Point","coordinates":[-77.5996,44.177]},"properties":{"name":"Batawa","vertical_m":null,"website":"https://www.batawaskihill.com/"}},{"type":"Feature","geometry":{"type":"Point","coordinates":[-87.1073,48.7876]},"properties":{"name":"Trestle Ridge","vertical_m":47,"website":"https://www.facebook.com/trestleridge/"}},{"type":"Feature","geometry":{"type":"Point","coordinates":[-84.7703,43.9592]},"properties":{"name":"Snow Snake Ski & Golf","vertical_m":null,"website":"https://www.snowsnake.net/"}},{"type":"Feature","geometry":{"type":"Point","coordinates":[-116.5765,53.89]},"properties":{"name":"Silver Summit","vertical_m":22,"website":"https://www.silversummit.ca"}},{"type":"Feature","geometry":{"type":"Point","coordinates":[-69.7056,45.4976]},"properties":{"name":"Big Moose Mountain Ski Area","vertical_m":176,"website":"https://skibigmoose.com/"}},{"type":"Feature","geometry":{"type":"Point","coordinates":[-80.4202,43.4332]},"properties":{"name":"Chicopee","vertical_m":55,"website":"https://www.discoverchicopee.com/"}},{"type":"Feature","geometry":{"type":"Point","coordinates":[-74.225,42.2031]},"properties":{"name":"Hunter Mountain","vertical_m":467,"website":"https://www.huntermtn.com"}},{"type":"Feature","geometry":{"type":"Point","coordinates":[-73.8114,43.4713]},"properties":{"name":"Hickory Ski Center","vertical_m":332,"website":"https://skihickory.com/"}},{"type":"Feature","geometry":{"type":"Point","coordinates":[-70.5216,44.9423]},"properties":{"name":"Saddleback Mountain","vertical_m":563,"website":"https://www.saddlebackmaine.com/"}},{"type":"Feature","geometry":{"type":"Point","coordinates":[-146.9693,64.6504]},"properties":{"name":"Iceman Falls","vertical_m":75,"website":"https://www.eielsonforcesupport.com/index.php/recreation/odr#odr--iceman-falls-"}},{"type":"Feature","geometry":{"type":"Point","coordinates":[-106.8958,38.585]},"properties":{"name":"Cranor Hill Municipal Ski Hill","vertical_m":97,"website":"https://www.facebook.com/Gunnison-Parks-Recreation-168602499819692/"}},{"type":"Feature","geometry":{"type":"Point","coordinates":[-95.1888,49.7035]},"properties":{"name":"Falcon Ridge","vertical_m":40,"website":"https://www.falconridgeski.com/"}},{"type":"Feature","geometry":{"type":"Point","coordinates":[-114.2596,52.4534]},"properties":{"name":"Medicine Lodge Ski Area","vertical_m":113,"website":"http://www.medicinelodgeskihill.com/"}},{"type":"Feature","geometry":{"type":"Point","coordinates":[-73.2799,42.4153]},"properties":{"name":"Bousquet Mountain","vertical_m":211,"website":"https://bousquetmountain.com/"}},{"type":"Feature","geometry":{"type":"Point","coordinates":[-85.2299,44.3917]},"properties":{"name":"Missaukee Mountain","vertical_m":53,"website":null}},{"type":"Feature","geometry":{"type":"Point","coordinates":[-88.5246,45.3245]},"properties":{"name":"Paul Bunyan","vertical_m":38,"website":"https://skipaulbunyan.com/"}},{"type":"Feature","geometry":{"type":"Point","coordinates":[-78.7659,38.8131]},"properties":{"name":"Bryce Resort","vertical_m":132,"website":"https://bryceresort.com/"}},{"type":"Feature","geometry":{"type":"Point","coordinates":[-89.5247,48.3192]},"properties":{"name":"Candy Mountain Ski Area","vertical_m":131,"website":"http://matt.wandel.ca/candy_mountain/"}},{"type":"Feature","geometry":{"type":"Point","coordinates":[-71.4779,49.1755]},"properties":{"name":"Mont des Allemands","vertical_m":211,"website":"https://fqme.qc.ca/wp-content/uploads/2019/01/FQME_Mont_des_Allemands_2022-23-2048x1448.jpg"}},{"type":"Feature","geometry":{"type":"Point","coordinates":[-106.8613,39.1621]},"properties":{"name":"Aspen Highlands","vertical_m":1061,"website":"https://www.aspensnowmass.com/four-mountains/aspen-highlands"}},{"type":"Feature","geometry":{"type":"Point","coordinates":[-92.2846,46.6501]},"properties":{"name":"Mont du Lac","vertical_m":85,"website":"https://mdlresort.com"}},{"type":"Feature","geometry":{"type":"Point","coordinates":[-76.6929,41.3706]},"properties":{"name":"Crystal Lake","vertical_m":null,"website":"https://crystallakeskiandoutdoorcenter.com"}},{"type":"Feature","geometry":{"type":"Point","coordinates":[-79.253,40.0708]},"properties":{"name":"Hidden Valley Resort","vertical_m":149,"website":"https://www.hiddenvalleyresort.com/"}},{"type":"Feature","geometry":{"type":"Point","coordinates":[-96.9828,49.9632]},"properties":{"name":"Springhill","vertical_m":34,"website":"https://www.springhillwinterpark.com/"}},{"type":"Feature","geometry":{"type":"Point","coordinates":[-106.7872,37.4643]},"properties":{"name":"Wolf Creek Ski Area","vertical_m":454,"website":"https://wolfcreekski.com/"}},{"type":"Feature","geometry":{"type":"Point","coordinates":[-120.079,38.7962]},"properties":{"name":"Sierra-at-Tahoe Ski Resort","vertical_m":663,"website":"https://www.sierraattahoe.com/"}},{"type":"Feature","geometry":{"type":"Point","coordinates":[-75.8558,42.9774]},"properties":{"name":"Cazenovia Ski Club","vertical_m":145,"website":"https://skicaz.com/"}},{"type":"Feature","geometry":{"type":"Point","coordinates":[-72.9551,43.9326]},"properties":{"name":"Middlebury College Snow Bowl","vertical_m":290,"website":"https://www.middleburysnowbowl.com/"}},{"type":"Feature","geometry":{"type":"Point","coordinates":[-63.4094,46.2802]},"properties":{"name":"Mark Arendz Provincial Ski Park at Brookvale","vertical_m":66,"website":"https://www.tourismpei.com/brookvale-activity-park"}},{"type":"Feature","geometry":{"type":"Point","coordinates":[-90.6556,38.5354]},"properties":{"name":"Hidden Valley","vertical_m":89,"website":"https://www.hiddenvalleyski.com/"}},{"type":"Feature","geometry":{"type":"Point","coordinates":[-90.3978,42.3174]},"properties":{"name":"Chestnut Mountain Resort","vertical_m":125,"website":"https://www.chestnutmtn.com/"}},{"type":"Feature","geometry":{"type":"Point","coordinates":[-71.8793,47.0902]},"properties":{"name":"FQME Ski - Vall\u00e9e Bras-du-Nord","vertical_m":320,"website":null}},{"type":"Feature","geometry":{"type":"Point","coordinates":[-116.1429,44.6851]},"properties":{"name":"Tamarack Resort","vertical_m":840,"website":"https://tamarackidaho.com"}},{"type":"Feature","geometry":{"type":"Point","coordinates":[-66.7144,50.1745]},"properties":{"name":"Gallix","vertical_m":163,"website":"https://www.skigallix.com/"}},{"type":"Feature","geometry":{"type":"Point","coordinates":[-80.3393,44.5147]},"properties":{"name":"Craigleith Ski Club","vertical_m":209,"website":"https://www.craigleith.com/"}},{"type":"Feature","geometry":{"type":"Point","coordinates":[-81.1418,46.431]},"properties":{"name":"Lively Ski Hill","vertical_m":43,"website":"https://www.greatersudbury.ca/play/ski-hills/lively-ski-hill/"}},{"type":"Feature","geometry":{"type":"Point","coordinates":[-73.2861,42.4415]},"properties":{"name":"Osceola Tow","vertical_m":null,"website":null}},{"type":"Feature","geometry":{"type":"Point","coordinates":[-78.677,42.2576]},"properties":{"name":"Holiday Valley","vertical_m":240,"website":"https://www.holidayvalley.com/"}},{"type":"Feature","geometry":{"type":"Point","coordinates":[-78.7602,38.3985]},"properties":{"name":"Massanutten Resort","vertical_m":324,"website":"https://www.massresort.com/"}},{"type":"Feature","geometry":{"type":"Point","coordinates":[-72.5849,43.7229]},"properties":{"name":"Twin Farms Ski Hill","vertical_m":109,"website":"https://www.twinfarms.com/"}},{"type":"Feature","geometry":{"type":"Point","coordinates":[-60.4268,46.6229]},"properties":{"name":"Ski Cape Smokey","vertical_m":270,"website":"https://capesmokey.ca/"}},{"type":"Feature","geometry":{"type":"Point","coordinates":[-91.453,44.8538]},"properties":{"name":"Pinehurst","vertical_m":null,"website":"https://www.facebook.com/pg/ThePinehurstProject/about/?ref=page_internal"}},{"type":"Feature","geometry":{"type":"Point","coordinates":[-69.6575,44.5821]},"properties":{"name":"Quarry Road Trails","vertical_m":24,"website":"https://quarryroad.org/"}},{"type":"Feature","geometry":{"type":"Point","coordinates":[-114.3741,48.0229]},"properties":{"name":"Blacktail Mountain Ski Area","vertical_m":433,"website":"https://blacktailmountain.com/"}},{"type":"Feature","geometry":{"type":"Point","coordinates":[-109.7516,42.9725]},"properties":{"name":"White Pine Resort","vertical_m":274,"website":"https://whitepinewyoming.com/"}},{"type":"Feature","geometry":{"type":"Point","coordinates":[-128.7442,60.1144]},"properties":{"name":"Mount Maichen (Watson Lake)","vertical_m":192,"website":"http://www.watsonlakeskiclub.com/"}},{"type":"Feature","geometry":{"type":"Point","coordinates":[-121.9435,53.077]},"properties":{"name":"Troll Resort","vertical_m":519,"website":"https://www.trollskiresort.com/"}},{"type":"Feature","geometry":{"type":"Point","coordinates":[-70.8336,48.3212]},"properties":{"name":"Mont-B\u00e9lu","vertical_m":170,"website":"https://www.montbelu.com/"}},{"type":"Feature","geometry":{"type":"Point","coordinates":[-85.1873,44.9472]},"properties":{"name":"Summit Mountain","vertical_m":85,"website":null}},{"type":"Feature","geometry":{"type":"Point","coordinates":[-66.9031,48.7716]},"properties":{"name":"Vertigo Aventures","vertical_m":null,"website":null}},{"type":"Feature","geometry":{"type":"Point","coordinates":[-106.1612,39.4777]},"properties":{"name":"Copper Mountain","vertical_m":797,"website":"https://www.coppercolorado.com/"}},{"type":"Feature","geometry":{"type":"Point","coordinates":[-124.2018,54.5253]},"properties":{"name":"Murray Ridge","vertical_m":507,"website":"https://www.murrayridge.com/"}},{"type":"Feature","geometry":{"type":"Point","coordinates":[-120.1296,47.6116]},"properties":{"name":"Badger Mountain Ski Area","vertical_m":107,"website":"http://www.nwwintersportsman.com/BadgerMt/index2.htm"}},{"type":"Feature","geometry":{"type":"Point","coordinates":[-83.5431,35.7065]},"properties":{"name":"Ober Mountain","vertical_m":170,"website":"https://obermountain.com/"}},{"type":"Feature","geometry":{"type":"Point","coordinates":[-68.9601,44.7795]},"properties":{"name":"Hermon Mountain","vertical_m":82,"website":"https://skihermonmountain.com/"}},{"type":"Feature","geometry":{"type":"Point","coordinates":[-71.0991,44.057]},"properties":{"name":"Cranmore Mountain Resort","vertical_m":343,"website":"https://www.cranmore.com/"}},{"type":"Feature","geometry":{"type":"Point","coordinates":[-110.8232,42.0958]},"properties":{"name":"Pine Creek Ski Area","vertical_m":415,"website":"https://www.pinecreekskiresort.com/"}},{"type":"Feature","geometry":{"type":"Point","coordinates":[-76.3346,45.3211]},"properties":{"name":"Mount Pakenham Ski Hill","vertical_m":80,"website":"https://mountpakenham.com/"}},{"type":"Feature","geometry":{"type":"Point","coordinates":[-121.2533,51.9088]},"properties":{"name":"Mount Timothy","vertical_m":275,"website":"https://www.skitimothy.com/"}},{"type":"Feature","geometry":{"type":"Point","coordinates":[-80.5506,44.3553]},"properties":{"name":"Beaver Valley","vertical_m":146,"website":"https://www.beavervalley.ca/"}},{"type":"Feature","geometry":{"type":"Point","coordinates":[-71.2323,44.2572]},"properties":{"name":"Wildcat Mountain","vertical_m":618,"website":"https://www.skiwildcat.com/"}},{"type":"Feature","geometry":{"type":"Point","coordinates":[-91.2717,46.1517]},"properties":{"name":"Mount Telemark Village","vertical_m":137,"website":"https://www.birkie.com"}},{"type":"Feature","geometry":{"type":"Point","coordinates":[-147.9739,64.9447]},"properties":{"name":"Moose Mountain Ski Resort","vertical_m":400,"website":"https://shredthemoose.com/"}},{"type":"Feature","geometry":{"type":"Point","coordinates":[-117.4937,56.9895]},"properties":{"name":"Manning Ski Hill","vertical_m":46,"website":"https://www.facebook.com/ManningSkiHill/"}},{"type":"Feature","geometry":{"type":"Point","coordinates":[-87.6578,46.5178]},"properties":{"name":"Al Quaal","vertical_m":59,"website":"https://www.facebook.com/Al-Quaal-Recreation-Area-191534547703366/"}},{"type":"Feature","geometry":{"type":"Point","coordinates":[-92.7881,49.9027]},"properties":{"name":"Dryden Ski Club","vertical_m":46,"website":"https://www.skidryden.com/"}},{"type":"Feature","geometry":{"type":"Point","coordinates":[-107.5162,44.6068]},"properties":{"name":"Antelope Butte","vertical_m":289,"website":"https://www.skiantelopebutte.com/"}},{"type":"Feature","geometry":{"type":"Point","coordinates":[-117.0367,34.213]},"properties":{"name":"Snow Valley Mountain Resort","vertical_m":338,"website":"https://snow-valley.com"}},{"type":"Feature","geometry":{"type":"Point","coordinates":[-109.5678,33.9564]},"properties":{"name":"Sunrise Park Resort","vertical_m":469,"website":"https://www.sunriseskiparkaz.com/"}},{"type":"Feature","geometry":{"type":"Point","coordinates":[-66.7144,48.7966]},"properties":{"name":"Touring - Refuge Coyote","vertical_m":299,"website":null}},{"type":"Feature","geometry":{"type":"Point","coordinates":[-54.0509,48.1603]},"properties":{"name":"White Hills","vertical_m":158,"website":"https://www.whitehillsresort.com/"}},{"type":"Feature","geometry":{"type":"Point","coordinates":[-115.8582,40.9069]},"properties":{"name":"Snobowl Bike and Ski area","vertical_m":197,"website":null}},{"type":"Feature","geometry":{"type":"Point","coordinates":[-70.2054,44.4774]},"properties":{"name":"Spruce Mountain Ski Slope","vertical_m":70,"website":"https://sprucemountain.org"}},{"type":"Feature","geometry":{"type":"Point","coordinates":[-116.6178,48.3734]},"properties":{"name":"Schweitzer Mountain Resort","vertical_m":728,"website":"https://www.schweitzer.com/"}},{"type":"Feature","geometry":{"type":"Point","coordinates":[-104.9289,40.4543]},"properties":{"name":"Hoedown Hill","vertical_m":27,"website":"https://hoedownhill.com"}},{"type":"Feature","geometry":{"type":"Point","coordinates":[-147.6267,64.8616]},"properties":{"name":"Birch Hill Ski and Snowboard Area","vertical_m":164,"website":"https://wainwright.armymwr.com/programs/birch-hill-ski-snowboard-area"}},{"type":"Feature","geometry":{"type":"Point","coordinates":[-116.0293,49.6882]},"properties":{"name":"Kimberley Alpine Resort","vertical_m":670,"website":"https://www.skikimberley.com"}},{"type":"Feature","geometry":{"type":"Point","coordinates":[-115.1768,49.5094]},"properties":{"name":"Island Lake Lodge","vertical_m":null,"website":"https://www.islandlakeresorts.com/"}},{"type":"Feature","geometry":{"type":"Point","coordinates":[-93.4382,45.1467]},"properties":{"name":"Elm Creek Park Reserve","vertical_m":21,"website":"https://www.threeriversparks.org/location/elm-creek-winter-recreation-area"}},{"type":"Feature","geometry":{"type":"Point","coordinates":[-75.2354,41.2401]},"properties":{"name":"Skytop\u2019s Ski Hill","vertical_m":51,"website":"https://www.skytop.com/activity/skiing/"}},{"type":"Feature","geometry":{"type":"Point","coordinates":[-72.6069,45.375]},"properties":{"name":"Hors-Piste - Mont Shefford (ferm\u00e9)","vertical_m":235,"website":null}},{"type":"Feature","geometry":{"type":"Point","coordinates":[-113.6137,42.3138]},"properties":{"name":"Pomerelle Mountain Resort","vertical_m":287,"website":"https://www.pomerelle-mtn.com/"}},{"type":"Feature","geometry":{"type":"Point","coordinates":[-114.9475,50.0233]},"properties":{"name":"Wapiti","vertical_m":290,"website":"https://wapitiskiclub.com/"}},{"type":"Feature","geometry":{"type":"Point","coordinates":[-75.0513,41.1268]},"properties":{"name":"Saw Creek Estates Ski Area","vertical_m":56,"website":"https://www.sawcreek.org/"}},{"type":"Feature","geometry":{"type":"Point","coordinates":[-79.4402,43.8244]},"properties":{"name":"Uplands Ski Centre","vertical_m":29,"website":"https://golfnorth.ca/ski/"}},{"type":"Feature","geometry":{"type":"Point","coordinates":[-120.0185,51.6314]},"properties":{"name":"Clearwater Ski Hill","vertical_m":302,"website":"http://www.clearwaterskihill.com"}},{"type":"Feature","geometry":{"type":"Point","coordinates":[-119.9388,38.191]},"properties":{"name":"Dodge Ridge Ski Area","vertical_m":479,"website":"https://www.dodgeridge.com/site/"}},{"type":"Feature","geometry":{"type":"Point","coordinates":[-79.9438,43.5044]},"properties":{"name":"Glen Eden","vertical_m":86,"website":"https://www.gleneden.on.ca/"}},{"type":"Feature","geometry":{"type":"Point","coordinates":[-72.7902,44.5297]},"properties":{"name":"Stowe Mountain Resort","vertical_m":712,"website":"https://www.stowe.com"}},{"type":"Feature","geometry":{"type":"Point","coordinates":[-89.7777,43.0427]},"properties":{"name":"Tyrol Basin","vertical_m":null,"website":"https://www.tyrolbasin.com"}},{"type":"Feature","geometry":{"type":"Point","coordinates":[-85.246,45.3349]},"properties":{"name":"Mt. McSauba","vertical_m":44,"website":"https://www.charlevoixmi.gov/331/Mt-McSauba"}},{"type":"Feature","geometry":{"type":"Point","coordinates":[-79.9202,44.7343]},"properties":{"name":"Mountain View","vertical_m":null,"website":"https://www.mountainviewmidland.com/"}},{"type":"Feature","geometry":{"type":"Point","coordinates":[-72.8535,44.3959]},"properties":{"name":"Bolton Valley Resort","vertical_m":474,"website":"https://www.boltonvalley.com"}},{"type":"Feature","geometry":{"type":"Point","coordinates":[-114.0061,47.0229]},"properties":{"name":"Montana Snowbowl","vertical_m":774,"website":"https://www.montanasnowbowl.com/"}},{"type":"Feature","geometry":{"type":"Point","coordinates":[-74.5168,41.1784]},"properties":{"name":"Mountain Creek","vertical_m":305,"website":"https://www.mountaincreek.com/"}},{"type":"Feature","geometry":{"type":"Point","coordinates":[-116.4043,58.1371]},"properties":{"name":"Blue Ridge Mountain Resort","vertical_m":null,"website":"https://blueridgemountainresort.ca/"}},{"type":"Feature","geometry":{"type":"Point","coordinates":[-100.4722,48.9505]},"properties":{"name":"Bottineau Winter Park","vertical_m":55,"website":"https://skibwp.com/"}},{"type":"Feature","geometry":{"type":"Point","coordinates":[-87.9483,44.5098]},"properties":{"name":"Triangle Sports Area","vertical_m":25,"website":"https://www.greenbaywi.gov/1181/Triangle-Sports-Area"}},{"type":"Feature","geometry":{"type":"Point","coordinates":[-74.362,43.5193]},"properties":{"name":"Oak Mountain Ski Center","vertical_m":179,"website":"https://oakmountainski.com/oak/"}},{"type":"Feature","geometry":{"type":"Point","coordinates":[-78.6959,42.6768]},"properties":{"name":"Buffalo Ski Club","vertical_m":144,"website":"https://www.buffaloskicenter.com/"}},{"type":"Feature","geometry":{"type":"Point","coordinates":[-106.7752,40.4539]},"properties":{"name":"Steamboat Ski Resort","vertical_m":1112,"website":"https://www.steamboat.com/"}},{"type":"Feature","geometry":{"type":"Point","coordinates":[-92.709,45.4879]},"properties":{"name":"Wild Mountain","vertical_m":82,"website":"https://wildmountain.com/"}},{"type":"Feature","geometry":{"type":"Point","coordinates":[-114.3437,43.6825]},"properties":{"name":"Sun Valley - Dollar Mountain","vertical_m":189,"website":"https://www.sunvalley.com/"}},{"type":"Feature","geometry":{"type":"Point","coordinates":[-71.53,41.5173]},"properties":{"name":"Yawgoo Valley Ski Area","vertical_m":56,"website":"https://yawgoo.com/"}},{"type":"Feature","geometry":{"type":"Point","coordinates":[-84.5903,45.038]},"properties":{"name":"Treetops Sylvan Resort","vertical_m":68,"website":"https://www.treetops.com/winter-getaway/skiing/"}},{"type":"Feature","geometry":{"type":"Point","coordinates":[-79.725,43.7273]},"properties":{"name":"Mt. Chinguacousy Ski and Snowboard Hill","vertical_m":18,"website":"https://www.brampton.ca/EN/residents/Recreation/Community-Centres/Chinguacousy-Park/pages/ching-mtching.aspx"}},{"type":"Feature","geometry":{"type":"Point","coordinates":[-147.4104,65.0514]},"properties":{"name":"Ski Land (Mt Aurora)","vertical_m":319,"website":"https://skilandfairbanks.com/"}},{"type":"Feature","geometry":{"type":"Point","coordinates":[-89.8877,42.1647]},"properties":{"name":"Plumtree","vertical_m":16,"website":"https://www.golakecarroll.com/"}},{"type":"Feature","geometry":{"type":"Point","coordinates":[-105.879,39.6267]},"properties":{"name":"Arapahoe Basin","vertical_m":514,"website":"https://www.arapahoebasin.com/"}},{"type":"Feature","geometry":{"type":"Point","coordinates":[-75.7421,45.9082]},"properties":{"name":"FQME - Air-Eau-Bois","vertical_m":161,"website":null}},{"type":"Feature","geometry":{"type":"Point","coordinates":[-135.0567,60.6081]},"properties":{"name":"Mount Sima","vertical_m":317,"website":"https://www.mountsima.com/"}},{"type":"Feature","geometry":{"type":"Point","coordinates":[-118.5982,44.5389]},"properties":{"name":"Dixie Summit","vertical_m":34,"website":null}},{"type":"Feature","geometry":{"type":"Point","coordinates":[-80.008,43.8052]},"properties":{"name":"Caledon Ski Club","vertical_m":75,"website":"http://www.caledonskiclub.on.ca"}},{"type":"Feature","geometry":{"type":"Point","coordinates":[-88.2217,42.013]},"properties":{"name":"Villa Olivia","vertical_m":37,"website":"https://www.villaolivia.com/"}},{"type":"Feature","geometry":{"type":"Point","coordinates":[-105.5864,39.933]},"properties":{"name":"Eldora","vertical_m":411,"website":"https://www.eldora.com/"}},{"type":"Feature","geometry":{"type":"Point","coordinates":[-70.8027,43.2361]},"properties":{"name":"Powderhouse Hill Ski Area","vertical_m":40,"website":"https://www.facebook.com/powderhousehill/"}},{"type":"Feature","geometry":{"type":"Point","coordinates":[-119.0745,37.755]},"properties":{"name":"June Mountain","vertical_m":780,"website":"https://www.junemountain.com/"}},{"type":"Feature","geometry":{"type":"Point","coordinates":[-80.0001,38.4246]},"properties":{"name":"Snowshoe Mountain","vertical_m":476,"website":null}},{"type":"Feature","geometry":{"type":"Point","coordinates":[-83.0592,35.1225]},"properties":{"name":"Sapphire Valley Ski Resort","vertical_m":41,"website":"https://skisapphirevalley.com/"}},{"type":"Feature","geometry":{"type":"Point","coordinates":[-123.6045,49.5168]},"properties":{"name":"Dakota Ridge Recreation Site","vertical_m":170,"website":"https://www.scrd.ca/dakota-ridge"}},{"type":"Feature","geometry":{"type":"Point","coordinates":[-118.5867,49.1056]},"properties":{"name":"Phoenix Mountain","vertical_m":214,"website":"https://skiphoenix.ca/"}},{"type":"Feature","geometry":{"type":"Point","coordinates":[-81.2623,41.5285]},"properties":{"name":"Alpine Valley","vertical_m":70,"website":"https://www.alpinevalleyohio.com/"}},{"type":"Feature","geometry":{"type":"Point","coordinates":[-83.5648,42.8291]},"properties":{"name":"Mt. Holly Ski & Snowboard Resort","vertical_m":84,"website":"https://www.skimtholly.com/"}},{"type":"Feature","geometry":{"type":"Point","coordinates":[-78.7392,46.3641]},"properties":{"name":"Antoine Mountain","vertical_m":187,"website":"https://antoinemountain.ca/"}},{"type":"Feature","geometry":{"type":"Point","coordinates":[-101.6032,52.0152]},"properties":{"name":"Thunderhill Ski Area","vertical_m":110,"website":"https://www.skithunderhill.ca/"}},{"type":"Feature","geometry":{"type":"Point","coordinates":[-69.1411,44.2143]},"properties":{"name":"Camden Snow Bowl","vertical_m":254,"website":"https://www.camdensnowbowl.com/"}},{"type":"Feature","geometry":{"type":"Point","coordinates":[-73.0685,44.8159]},"properties":{"name":"Hard'Ack Ski Area","vertical_m":46,"website":"https://stalbansvt.myrec.com/info/activities/program_details.aspx?ProgramID=21613&AdminPreview=1"}},{"type":"Feature","geometry":{"type":"Point","coordinates":[-71.6813,42.3003]},"properties":{"name":"Ski Ward","vertical_m":56,"website":"https://skiward.com/"}},{"type":"Feature","geometry":{"type":"Point","coordinates":[-74.2932,41.2464]},"properties":{"name":"Mount Peter","vertical_m":80,"website":"https://www.mtpeter.com/"}},{"type":"Feature","geometry":{"type":"Point","coordinates":[-87.0367,45.8602]},"properties":{"name":"Gladstone Ski Hill","vertical_m":34,"website":"https://www.gladstonemi.org/SkiPark"}},{"type":"Feature","geometry":{"type":"Point","coordinates":[-116.4576,46.0733]},"properties":{"name":"Cottonwood Butte Ski Hill","vertical_m":198,"website":null}},{"type":"Feature","geometry":{"type":"Point","coordinates":[-106.9835,53.7862]},"properties":{"name":"Timber Ridge","vertical_m":86,"website":"https://www.facebook.com/pg/skitimberridge/about/?tab=page_info"}},{"type":"Feature","geometry":{"type":"Point","coordinates":[-79.4359,39.0058]},"properties":{"name":"Canaan Valley Ski Resort","vertical_m":258,"website":"https://www.canaanresort.com/"}},{"type":"Feature","geometry":{"type":"Point","coordinates":[-72.945,44.4753]},"properties":{"name":"Camp Ethan Allen","vertical_m":60,"website":null}},{"type":"Feature","geometry":{"type":"Point","coordinates":[-89.5158,43.4999]},"properties":{"name":"Cascade Mountain","vertical_m":127,"website":"https://www.cascademountain.com/index.php"}},{"type":"Feature","geometry":{"type":"Point","coordinates":[-103.7808,50.7528]},"properties":{"name":"Mission Ridge","vertical_m":87,"website":"https://missionridge.ca/"}},{"type":"Feature","geometry":{"type":"Point","coordinates":[-71.9115,45.3825]},"properties":{"name":"Mont-Bellevue (Sherbrooke)","vertical_m":78,"website":"https://www.sherbrooke.ca/en/culture-sports-and-recreation/sports-and-sports-facilities/mont-bellevue-ski-station"}},{"type":"Feature","geometry":{"type":"Point","coordinates":[-86.239,43.0563]},"properties":{"name":"Mulligan's Hollow","vertical_m":45,"website":"https://www.mulliganshollow.org"}},{"type":"Feature","geometry":{"type":"Point","coordinates":[-121.3307,47.3344]},"properties":{"name":"Three Summits","vertical_m":384,"website":"https://www.summitatsnoqualmie.com/"}},{"type":"Feature","geometry":{"type":"Point","coordinates":[-79.8199,37.9945]},"properties":{"name":"The Homestead Ski Area","vertical_m":173,"website":"https://www.omnihotels.com/hotels/homestead-virginia/things-to-do/ski"}},{"type":"Feature","geometry":{"type":"Point","coordinates":[-122.6284,55.3694]},"properties":{"name":"Powder King Mountain Resort","vertical_m":569,"website":"https://www.powderking.com/"}},{"type":"Feature","geometry":{"type":"Point","coordinates":[-115.6037,51.2012]},"properties":{"name":"Mount Norquay","vertical_m":460,"website":"https://www.banffnorquay.com/"}},{"type":"Feature","geometry":{"type":"Point","coordinates":[-71.8295,43.4301]},"properties":{"name":"Proctor Ski area","vertical_m":125,"website":"https://www.proctoracademy.org/athletics/proctor-on-snow/proctor-ski-area"}},{"type":"Feature","geometry":{"type":"Point","coordinates":[-73.0775,42.8734]},"properties":{"name":"Prospect Mountain","vertical_m":188,"website":"https://prospectmountain.com/"}},{"type":"Feature","geometry":{"type":"Point","coordinates":[-97.7767,55.8714]},"properties":{"name":"Mystery Mountain","vertical_m":65,"website":"https://www.mysterymountain.ca/"}},{"type":"Feature","geometry":{"type":"Point","coordinates":[-125.2982,49.7508]},"properties":{"name":"Mount Washington Alpine Resort","vertical_m":486,"website":"https://www.mountwashington.ca"}},{"type":"Feature","geometry":{"type":"Point","coordinates":[-114.289,42.1862]},"properties":{"name":"Magic Mountain Resort","vertical_m":189,"website":"https://magicmountainresort.com/"}},{"type":"Feature","geometry":{"type":"Point","coordinates":[-94.4122,49.7915]},"properties":{"name":"Mount Evergreen","vertical_m":49,"website":"https://www.skikenora.com/"}},{"type":"Feature","geometry":{"type":"Point","coordinates":[-114.3653,43.4949]},"properties":{"name":"Rotarun Ski Area","vertical_m":120,"website":"https://rotarun.org/"}},{"type":"Feature","geometry":{"type":"Point","coordinates":[-72.7505,43.5312]},"properties":{"name":"Plymouth Notch","vertical_m":40,"website":"https://www.skithenotch.com/"}},{"type":"Feature","geometry":{"type":"Point","coordinates":[-70.3632,46.6851]},"properties":{"name":"Montagne Grande-Coul\u00e9e \u2013 Parc des Appalaches","vertical_m":276,"website":null}},{"type":"Feature","geometry":{"type":"Point","coordinates":[-145.7406,60.5521]},"properties":{"name":"Mount Eyak Ski Area","vertical_m":251,"website":"https://www.mteyak.org/"}},{"type":"Feature","geometry":{"type":"Point","coordinates":[-134.511,58.2673]},"properties":{"name":"Eaglecrest Ski Area","vertical_m":438,"website":"https://skieaglecrest.com/"}},{"type":"Feature","geometry":{"type":"Point","coordinates":[-111.7267,41.1632]},"properties":{"name":"Mountain Green","vertical_m":148,"website":null}},{"type":"Feature","geometry":{"type":"Point","coordinates":[-67.5502,48.7666]},"properties":{"name":"Mont Castor","vertical_m":168,"website":"https://www.montcastor.ca/"}},{"type":"Feature","geometry":{"type":"Point","coordinates":[-115.7989,50.6251]},"properties":{"name":"Nipika","vertical_m":103,"website":"https://www.nipika.com/"}},{"type":"Feature","geometry":{"type":"Point","coordinates":[-117.612,34.2736]},"properties":{"name":"Mt. Baldy","vertical_m":636,"website":"https://www.mtbaldyresort.com/"}},{"type":"Feature","geometry":{"type":"Point","coordinates":[-145.8497,63.515]},"properties":{"name":"Northern Warfare Training Center","vertical_m":null,"website":"https://11thairbornedivision.army.mil/Units/Northern-Warfare-Training-Center/"}},{"type":"Feature","geometry":{"type":"Point","coordinates":[-114.3215,44.4694]},"properties":{"name":"Chipmunk Ski Hill","vertical_m":93,"website":null}},{"type":"Feature","geometry":{"type":"Point","coordinates":[-149.5215,61.25]},"properties":{"name":"Arctic Valley Ski Area","vertical_m":419,"website":"https://arcticvalley.org/"}},{"type":"Feature","geometry":{"type":"Point","coordinates":[-90.0716,44.5311]},"properties":{"name":"Powers Bluff","vertical_m":35,"website":"https://www.co.wood.wi.us/departments/parks/PowersBluff.aspx"}},{"type":"Feature","geometry":{"type":"Point","coordinates":[-88.277,43.3371]},"properties":{"name":"Little Switzerland","vertical_m":48,"website":"https://www.littleswitz.com/"}},{"type":"Feature","geometry":{"type":"Point","coordinates":[-106.8184,39.1653]},"properties":{"name":"Aspen Mountain","vertical_m":1005,"website":"https://www.aspensnowmass.com/four-mountains/aspen-mountain"}},{"type":"Feature","geometry":{"type":"Point","coordinates":[-121.4358,47.4411]},"properties":{"name":"Alpental","vertical_m":701,"website":"https://summitatsnoqualmie.com/"}},{"type":"Feature","geometry":{"type":"Point","coordinates":[-110.8495,43.5949]},"properties":{"name":"Jackson Hole Mountain Resort","vertical_m":1240,"website":"https://www.jacksonhole.com"}},{"type":"Feature","geometry":{"type":"Point","coordinates":[-74.303,49.9117]},"properties":{"name":"Mont Chalco","vertical_m":80,"website":"https://montchalco.ca/"}},{"type":"Feature","geometry":{"type":"Point","coordinates":[-79.6845,44.5525]},"properties":{"name":"The Heights Ski & Country Club","vertical_m":108,"website":"https://www.theheights.ski/"}},{"type":"Feature","geometry":{"type":"Point","coordinates":[-115.8271,50.336]},"properties":{"name":"Fairmont Hot Springs","vertical_m":261,"website":"https://www.fairmonthotsprings.com"}},{"type":"Feature","geometry":{"type":"Point","coordinates":[-120.1542,39.1538]},"properties":{"name":"Granlibakken Ski Resort","vertical_m":63,"website":"https://www.granlibakken.com/"}},{"type":"Feature","geometry":{"type":"Point","coordinates":[-78.5781,44.0242]},"properties":{"name":"Brimacombe","vertical_m":89,"website":"http://www.oshawaskiclub.com/"}},{"type":"Feature","geometry":{"type":"Point","coordinates":[-89.5565,43.0876]},"properties":{"name":"Blackhawk Ski Club","vertical_m":44,"website":"https://www.blackhawkskiclub.org/"}},{"type":"Feature","geometry":{"type":"Point","coordinates":[-80.9603,46.5091]},"properties":{"name":"Adanac Ski Hill","vertical_m":71,"website":"https://www.greatersudbury.ca/play/ski-hills/adanac-ski-hill/"}},{"type":"Feature","geometry":{"type":"Point","coordinates":[-83.675,40.3159]},"properties":{"name":"Mad River Mountain","vertical_m":87,"website":"https://www.skimadriver.com/"}},{"type":"Feature","geometry":{"type":"Point","coordinates":[-75.6298,40.4746]},"properties":{"name":"Bear Creek Mountain Resort Ski Slopes","vertical_m":143,"website":"https://www.bcmountainresort.com/"}},{"type":"Feature","geometry":{"type":"Point","coordinates":[-74.24,44.7541]},"properties":{"name":"Titus Mountain","vertical_m":289,"website":"https://www.titusmountain.com/"}},{"type":"Feature","geometry":{"type":"Point","coordinates":[-112.3261,46.7512]},"properties":{"name":"Great Divide Ski Area","vertical_m":425,"website":"https://www.skigd.com/"}},{"type":"Feature","geometry":{"type":"Point","coordinates":[-72.4456,43.6601]},"properties":{"name":"Ski Quechee","vertical_m":179,"website":"https://quecheeclub.com/web/pages/skiquechee"}},{"type":"Feature","geometry":{"type":"Point","coordinates":[-113.6873,52.3053]},"properties":{"name":"Canyon Ski Resort (Ski Red Deer)","vertical_m":153,"website":"https://canyonski.ca/"}},{"type":"Feature","geometry":{"type":"Point","coordinates":[-71.3654,43.5379]},"properties":{"name":"Gunstock Recreation Area","vertical_m":397,"website":"https://www.gunstock.com/"}},{"type":"Feature","geometry":{"type":"Point","coordinates":[-121.0883,47.7349]},"properties":{"name":"Stevens Pass Ski Area","vertical_m":561,"website":"https://www.stevenspass.com"}},{"type":"Feature","geometry":{"type":"Point","coordinates":[-75.2749,40.0744]},"properties":{"name":"Wissahickon Ski Club","vertical_m":61,"website":"https://wsc1945.wildapricot.org/"}},{"type":"Feature","geometry":{"type":"Point","coordinates":[-74.2195,46.002]},"properties":{"name":"Belle Neige","vertical_m":128,"website":null}},{"type":"Feature","geometry":{"type":"Point","coordinates":[-119.9141,39.2542]},"properties":{"name":"Diamond Peak","vertical_m":546,"website":"https://www.diamondpeak.com/"}},{"type":"Feature","geometry":{"type":"Point","coordinates":[-105.2468,36.3794]},"properties":{"name":"Angel Fire Resort","vertical_m":638,"website":"https://www.angelfireresort.com/"}},{"type":"Feature","geometry":{"type":"Point","coordinates":[-87.9904,43.7514]},"properties":{"name":"Nutt Hill","vertical_m":36,"website":"https://nutthillwinterpark.com/"}},{"type":"Feature","geometry":{"type":"Point","coordinates":[-75.0782,41.0349]},"properties":{"name":"Shawnee Mountain","vertical_m":204,"website":"https://www.shawneemt.com/"}},{"type":"Feature","geometry":{"type":"Point","coordinates":[-80.9609,46.5104]},"properties":{"name":"Adanac","vertical_m":7,"website":"https://www.greatersudbury.ca/play/ski-hills/adanac-ski-hill/"}},{"type":"Feature","geometry":{"type":"Point","coordinates":[-74.9615,43.6959]},"properties":{"name":"McCauley Mountain Ski Area","vertical_m":156,"website":"https://mccauleyny.com/"}},{"type":"Feature","geometry":{"type":"Point","coordinates":[-66.6917,47.9794]},"properties":{"name":"Sugarloaf Provincial Park","vertical_m":157,"website":"https://parcsugarloafpark.ca/"}},{"type":"Feature","geometry":{"type":"Point","coordinates":[-105.8156,39.9369]},"properties":{"name":"Colorado Adventure Park","vertical_m":33,"website":"https://coloradoadventurepark.com/"}},{"type":"Feature","geometry":{"type":"Point","coordinates":[-70.2885,48.1598]},"properties":{"name":"Mont Edouard","vertical_m":447,"website":"https://www.montedouard.com/"}},{"type":"Feature","geometry":{"type":"Point","coordinates":[-70.926,47.0874]},"properties":{"name":"Mont-Sainte-Anne","vertical_m":625,"website":"https://mont-sainte-anne.com/en/"}},{"type":"Feature","geometry":{"type":"Point","coordinates":[-76.0368,42.7393]},"properties":{"name":"Labrador Mountain","vertical_m":206,"website":"http://labradormtn.com/"}},{"type":"Feature","geometry":{"type":"Point","coordinates":[-83.367,42.7439]},"properties":{"name":"Pine Knob Ski & Snowboard Resort","vertical_m":79,"website":"https://www.skipineknob.com/"}},{"type":"Feature","geometry":{"type":"Point","coordinates":[-92.7859,44.8529]},"properties":{"name":"Afton Alps","vertical_m":98,"website":"https://www.aftonalps.com/"}},{"type":"Feature","geometry":{"type":"Point","coordinates":[-73.5802,41.5078]},"properties":{"name":"Thunder Ridge","vertical_m":120,"website":"https://thunderridgeski.com/"}},{"type":"Feature","geometry":{"type":"Point","coordinates":[-79.4029,48.1789]},"properties":{"name":"Mont Kanasuta","vertical_m":143,"website":"https://www.kanasuta.com/"}},{"type":"Feature","geometry":{"type":"Point","coordinates":[-92.4625,46.7048]},"properties":{"name":"Pine Valley Ski Area and Jump center","vertical_m":null,"website":"https://sites.google.com/view/cloquetmnskiclub//"}},{"type":"Feature","geometry":{"type":"Point","coordinates":[-117.3042,49.181]},"properties":{"name":"Salmo Ski Area","vertical_m":332,"website":"https://www.skisalmo.com"}},{"type":"Feature","geometry":{"type":"Point","coordinates":[-95.6196,45.851]},"properties":{"name":"Andes Tower Hills","vertical_m":65,"website":"https://www.andestowerhills.com/"}},{"type":"Feature","geometry":{"type":"Point","coordinates":[-74.173,45.8777]},"properties":{"name":"Mont Habitant","vertical_m":164,"website":"https://www.monthabitant.com"}},{"type":"Feature","geometry":{"type":"Point","coordinates":[-70.4553,43.853]},"properties":{"name":"Seacoast Snowpark","vertical_m":20,"website":"https://www.seacoastadventure.com/"}},{"type":"Feature","geometry":{"type":"Point","coordinates":[-64.0195,53.5229]},"properties":{"name":"Northern Lights Ski Club","vertical_m":87,"website":"https://www.facebook.com/northern.lights.ski.club/"}},{"type":"Feature","geometry":{"type":"Point","coordinates":[-127.2403,54.7764]},"properties":{"name":"Hudson Bay Mountain","vertical_m":527,"website":"https://hudsonbaymountain.ca/"}},{"type":"Feature","geometry":{"type":"Point","coordinates":[-111.6523,40.5672]},"properties":{"name":"Snowbird","vertical_m":975,"website":"https://www.snowbird.com/"}},{"type":"Feature","geometry":{"type":"Point","coordinates":[-88.2977,45.8946]},"properties":{"name":"Keyes Peak Ski Area","vertical_m":54,"website":null}},{"type":"Feature","geometry":{"type":"Point","coordinates":[-57.8237,48.9407]},"properties":{"name":"Marble Mountain","vertical_m":449,"website":"https://www.skimarble.com/"}},{"type":"Feature","geometry":{"type":"Point","coordinates":[-84.8294,45.888]},"properties":{"name":"Silver Mountain","vertical_m":41,"website":"https://www.michigan.org/property/silver-mountain-ski-area-tubing-hill/"}},{"type":"Feature","geometry":{"type":"Point","coordinates":[-117.3088,56.2232]},"properties":{"name":"Misery Mountain Ski Hill","vertical_m":170,"website":"https://www.miserymountain.com/"}},{"type":"Feature","geometry":{"type":"Point","coordinates":[-111.5487,40.652]},"properties":{"name":"Park City Mountain Resort","vertical_m":990,"website":"https://parkcitymountain.com"}},{"type":"Feature","geometry":{"type":"Point","coordinates":[-70.6224,44.5802]},"properties":{"name":"Black Mountain of Maine","vertical_m":318,"website":"https://www.skiblackmountain.org/"}},{"type":"Feature","geometry":{"type":"Point","coordinates":[-89.8614,43.6074]},"properties":{"name":"Christmas Mountain","vertical_m":56,"website":"https://www.christmasmountainvillage.com/"}},{"type":"Feature","geometry":{"type":"Point","coordinates":[-119.912,38.9397]},"properties":{"name":"Heavenly Mountain Resort","vertical_m":1012,"website":null}},{"type":"Feature","geometry":{"type":"Point","coordinates":[-84.7827,43.9587]},"properties":{"name":"Snow Snake Ski Resort","vertical_m":49,"website":null}},{"type":"Feature","geometry":{"type":"Point","coordinates":[-70.6643,46.1392]},"properties":{"name":"Centre de ski Saint-Georges","vertical_m":85,"website":"https://ski.saint-georges.ca/"}},{"type":"Feature","geometry":{"type":"Point","coordinates":[-75.9023,43.929]},"properties":{"name":"Dry Hill Ski Area","vertical_m":86,"website":"https://skidryhill.com/"}},{"type":"Feature","geometry":{"type":"Point","coordinates":[-77.5958,44.1653]},"properties":{"name":"Unnamed ski area","vertical_m":49,"website":null}},{"type":"Feature","geometry":{"type":"Point","coordinates":[-109.9439,44.4903]},"properties":{"name":"Sleeping Giant Winter Sports Area","vertical_m":241,"website":"https://www.skisg.com/"}},{"type":"Feature","geometry":{"type":"Point","coordinates":[-111.6129,43.6406]},"properties":{"name":"Kelly Canyon Ski Resort","vertical_m":268,"website":"https://skikelly.com/"}},{"type":"Feature","geometry":{"type":"Point","coordinates":[-88.266,43.1334]},"properties":{"name":"Ausblick Ski Hill","vertical_m":56,"website":"https://www.ausblick.org/"}},{"type":"Feature","geometry":{"type":"Point","coordinates":[-78.1522,42.4313]},"properties":{"name":"Houghton University","vertical_m":null,"website":"https://www.houghton.edu/undergraduate/houghton-ny/student-life/"}},{"type":"Feature","geometry":{"type":"Point","coordinates":[-77.6599,45.4332]},"properties":{"name":"Madawaska Mountain","vertical_m":117,"website":null}},{"type":"Feature","geometry":{"type":"Point","coordinates":[-71.879,43.0077]},"properties":{"name":"Crotched Mountain Ski & Ride","vertical_m":268,"website":"https://www.crotchedmtn.com/"}},{"type":"Feature","geometry":{"type":"Point","coordinates":[-72.2527,44.0714]},"properties":{"name":"Northeast Slopes","vertical_m":102,"website":"https://www.northeastslopes.org/"}},{"type":"Feature","geometry":{"type":"Point","coordinates":[-66.5228,49.0948]},"properties":{"name":"CPA Haute Gaspesie","vertical_m":140,"website":"https://www.facebook.com/cpahg/"}},{"type":"Feature","geometry":{"type":"Point","coordinates":[-111.8626,41.2018]},"properties":{"name":"Snowbasin Resort","vertical_m":897,"website":"https://www.snowbasin.com/"}},{"type":"Feature","geometry":{"type":"Point","coordinates":[-72.982,44.3968]},"properties":{"name":"Cochran's Ski Area","vertical_m":null,"website":"https://www.cochranskiarea.org/"}},{"type":"Feature","geometry":{"type":"Point","coordinates":[-100.726,46.6255]},"properties":{"name":"Huff Hills Ski Resort","vertical_m":104,"website":"https://www.huffhills.com/"}},{"type":"Feature","geometry":{"type":"Point","coordinates":[-111.7534,41.9223]},"properties":{"name":"Cherry Peak Ski Area","vertical_m":368,"website":"https://www.skicpr.com/"}},{"type":"Feature","geometry":{"type":"Point","coordinates":[-139.4055,64.052]},"properties":{"name":"Moose Mountain","vertical_m":89,"website":"https://dawsoncity.ca/venue/moose-mountain/"}},{"type":"Feature","geometry":{"type":"Point","coordinates":[-92.5159,44.2451]},"properties":{"name":"Steeplechase Ski & Snowboard","vertical_m":65,"website":"https://www.steeplechaseevents.com/"}},{"type":"Feature","geometry":{"type":"Point","coordinates":[-88.0838,41.7807]},"properties":{"name":"Four Lakes Village","vertical_m":26,"website":"https://www.fourlakessnowsports.com/"}},{"type":"Feature","geometry":{"type":"Point","coordinates":[-74.2734,45.8995]},"properties":{"name":"Ski Morin Heights","vertical_m":154,"website":"https://www.sommets.com/en/discover-les-sommets/sommet-morin-heights-winter/"}},{"type":"Feature","geometry":{"type":"Point","coordinates":[-72.2267,45.3152]},"properties":{"name":"Mont Orford","vertical_m":521,"website":"http://www.orford.com"}},{"type":"Feature","geometry":{"type":"Point","coordinates":[-113.9575,45.6964]},"properties":{"name":"Lost Trail","vertical_m":535,"website":"https://losttrail.com/trail-map/"}},{"type":"Feature","geometry":{"type":"Point","coordinates":[-84.9442,45.1636]},"properties":{"name":"Boyne Mountain","vertical_m":134,"website":"https://www.boyne.com/BoyneMountain/"}},{"type":"Feature","geometry":{"type":"Point","coordinates":[-81.1844,41.6476]},"properties":{"name":"Big Creek Ski Area","vertical_m":42,"website":"https://www.bigcreekski.org/"}},{"type":"Feature","geometry":{"type":"Point","coordinates":[-85.8249,41.9534]},"properties":{"name":"Swiss Valley Ski Lodge","vertical_m":55,"website":"https://www.skiswissvalley.com/"}},{"type":"Feature","geometry":{"type":"Point","coordinates":[-116.1203,44.8614]},"properties":{"name":"McCall Activity Barn","vertical_m":24,"website":null}},{"type":"Feature","geometry":{"type":"Point","coordinates":[-90.0046,46.5031]},"properties":{"name":"Black River Basin","vertical_m":127,"website":"https://www.snowriver.com/"}},{"type":"Feature","geometry":{"type":"Point","coordinates":[-119.6624,37.6578]},"properties":{"name":"Badger Pass Ski Area","vertical_m":173,"website":"http://www.yosemitepark.com/badgerpass.aspx"}},{"type":"Feature","geometry":{"type":"Point","coordinates":[-81.6641,36.1726]},"properties":{"name":"Appalachian Mountain Ski Area","vertical_m":79,"website":null}},{"type":"Feature","geometry":{"type":"Point","coordinates":[-75.8501,45.6409]},"properties":{"name":"Sommet Edelweiss","vertical_m":194,"website":"https://www.sommets.com/en/ski-mountains/sommet-edelweiss/"}},{"type":"Feature","geometry":{"type":"Point","coordinates":[-92.7045,45.4825]},"properties":{"name":"Wild Chutes Snow Tubing","vertical_m":28,"website":"https://wildmountain.com/snow-tubing/pricing-and-hours"}},{"type":"Feature","geometry":{"type":"Point","coordinates":[-89.6856,44.9251]},"properties":{"name":"Granite Peak Ski Area","vertical_m":201,"website":"https://www.skigranitepeak.com/"}},{"type":"Feature","geometry":{"type":"Point","coordinates":[-92.0435,44.3603]},"properties":{"name":"Coffee Mill","vertical_m":123,"website":"https://cmskiarea.com/"}},{"type":"Feature","geometry":{"type":"Point","coordinates":[-93.3262,44.9845]},"properties":{"name":"Theodore Wirth: Loppet Trails","vertical_m":46,"website":"https://www.loppet.org/tt/trails/"}},{"type":"Feature","geometry":{"type":"Point","coordinates":[-120.6695,47.6141]},"properties":{"name":"Leavenworth Ski Hill","vertical_m":81,"website":"https://skileavenworth.com/"}},{"type":"Feature","geometry":{"type":"Point","coordinates":[-79.3738,39.5515]},"properties":{"name":"Wisp Resort","vertical_m":194,"website":"https://www.wispresort.com/"}},{"type":"Feature","geometry":{"type":"Point","coordinates":[-75.453,40.2704]},"properties":{"name":"Spring Mountain Ski Area","vertical_m":103,"website":"https://springmountainadventures.com/"}},{"type":"Feature","geometry":{"type":"Point","coordinates":[-120.0584,47.9377]},"properties":{"name":"Echo Valley Ski Area","vertical_m":145,"website":"https://skiechovalley.com/"}},{"type":"Feature","geometry":{"type":"Point","coordinates":[-121.7241,45.3309]},"properties":{"name":"Timberline Lodge Ski Area","vertical_m":1371,"website":"https://www.timberlinelodge.com/"}},{"type":"Feature","geometry":{"type":"Point","coordinates":[-71.5407,43.9604]},"properties":{"name":"Waterville Valley Resort","vertical_m":607,"website":"https://www.waterville.com/"}},{"type":"Feature","geometry":{"type":"Point","coordinates":[-113.6703,53.3793]},"properties":{"name":"Rabbit Hill Snow Resort","vertical_m":72,"website":"https://www.rabbithill.com/"}},{"type":"Feature","geometry":{"type":"Point","coordinates":[-75.0845,42.4721]},"properties":{"name":"Woodstream","vertical_m":null,"website":null}},{"type":"Feature","geometry":{"type":"Point","coordinates":[-78.5735,44.2182]},"properties":{"name":"Devil's Elbow","vertical_m":91,"website":null}},{"type":"Feature","geometry":{"type":"Point","coordinates":[-116.1611,44.9283]},"properties":{"name":"Little Ski Hill","vertical_m":121,"website":"https://www.littleskihill.org/"}},{"type":"Feature","geometry":{"type":"Point","coordinates":[-79.7262,48.092]},"properties":{"name":"Larder Lake Ski Hill","vertical_m":null,"website":"https://www.larderlake.ca/our-community/culture-recreation/larder-lake-ski-hill/"}},{"type":"Feature","geometry":{"type":"Point","coordinates":[-73.5858,44.7636]},"properties":{"name":"Beartown Ski Area","vertical_m":40,"website":"https://www.beartownskiarea.com/"}},{"type":"Feature","geometry":{"type":"Point","coordinates":[-79.9946,38.4242]},"properties":{"name":"Snowshoe Mountain","vertical_m":null,"website":"https://www.snowshoemtn.com/"}},{"type":"Feature","geometry":{"type":"Point","coordinates":[-79.7406,42.0637]},"properties":{"name":"Peek'n Peak Ski Area","vertical_m":104,"website":"https://pknpk.com/"}},{"type":"Feature","geometry":{"type":"Point","coordinates":[-75.5132,40.8156]},"properties":{"name":"Blue Mountain Resort","vertical_m":328,"website":"https://www.skibluemt.com/"}},{"type":"Feature","geometry":{"type":"Point","coordinates":[-118.2395,44.9594]},"properties":{"name":"Anthony Lakes Mountain Resort","vertical_m":244,"website":"https://anthonylakes.com/"}},{"type":"Feature","geometry":{"type":"Point","coordinates":[-89.7846,43.0441]},"properties":{"name":"Tyrol Basin Ski And Snowboard Area","vertical_m":80,"website":null}},{"type":"Feature","geometry":{"type":"Point","coordinates":[-71.8885,42.4962]},"properties":{"name":"Wachusett Mountain Ski Area","vertical_m":286,"website":"https://www.wachusett.com/"}},{"type":"Feature","geometry":{"type":"Point","coordinates":[-72.7701,44.5733]},"properties":{"name":"Smugglers' Notch Resort","vertical_m":772,"website":"https://www.smuggs.com/"}},{"type":"Feature","geometry":{"type":"Point","coordinates":[-110.9238,45.6039]},"properties":{"name":"Bear Canyon","vertical_m":182,"website":"https://www.mtellis.org/"}},{"type":"Feature","geometry":{"type":"Point","coordinates":[-121.7723,45.2944]},"properties":{"name":"Mt. Hood Skibowl","vertical_m":416,"website":"https://skibowl.com/winter/"}},{"type":"Feature","geometry":{"type":"Point","coordinates":[-75.6516,41.1108]},"properties":{"name":"Jack Frost Mountain Resort","vertical_m":159,"website":"https://jfbb.com"}},{"type":"Feature","geometry":{"type":"Point","coordinates":[-77.4829,43.0392]},"properties":{"name":"Powder Mills Park","vertical_m":9,"website":"https://www2.monroecounty.gov/parks-powdermill.php"}},{"type":"Feature","geometry":{"type":"Point","coordinates":[-64.5426,48.842]},"properties":{"name":"Centre de ski Mont B\u00e9chervaise","vertical_m":244,"website":"https://www.montbechervaise.ca/"}},{"type":"Feature","geometry":{"type":"Point","coordinates":[-77.7702,39.3153]},"properties":{"name":"Snow Riders","vertical_m":18,"website":"https://snowriders.com/"}},{"type":"Feature","geometry":{"type":"Point","coordinates":[-72.9113,44.1524]},"properties":{"name":"Sugarbush Resort","vertical_m":778,"website":"https://www.sugarbush.com/"}},{"type":"Feature","geometry":{"type":"Point","coordinates":[-71.2355,44.0738]},"properties":{"name":"Attitash Mountain Resort","vertical_m":505,"website":"https://www.attitash.com/"}},{"type":"Feature","geometry":{"type":"Point","coordinates":[-85.7607,42.465]},"properties":{"name":"Bittersweet","vertical_m":94,"website":"https://skibittersweet.com/"}},{"type":"Feature","geometry":{"type":"Point","coordinates":[-72.8411,43.6507]},"properties":{"name":"Pico Mountain Resort","vertical_m":589,"website":"https://www.picomountain.com/"}},{"type":"Feature","geometry":{"type":"Point","coordinates":[-111.4087,45.2841]},"properties":{"name":"Big Sky Resort","vertical_m":1325,"website":"https://bigskyresort.com"}},{"type":"Feature","geometry":{"type":"Point","coordinates":[-71.1168,45.2952]},"properties":{"name":"Ski Eldorado - Secteur St-Paul","vertical_m":170,"website":null}},{"type":"Feature","geometry":{"type":"Point","coordinates":[-91.1823,43.7414]},"properties":{"name":"Mt. La Crosse","vertical_m":133,"website":"https://www.mtlacrosse.com/"}},{"type":"Feature","geometry":{"type":"Point","coordinates":[-69.0034,48.1516]},"properties":{"name":"Mont Saint-Mathieu","vertical_m":214,"website":"https://www.montstmathieu.com/"}},{"type":"Feature","geometry":{"type":"Point","coordinates":[-90.7877,44.4446]},"properties":{"name":"Bruce Mound Winter Sports Area","vertical_m":95,"website":"https://www.clarkcountywi.gov/brucemound"}},{"type":"Feature","geometry":{"type":"Point","coordinates":[-74.0704,40.8104]},"properties":{"name":"Big Snow American Dream","vertical_m":0,"website":"https://www.bigsnowamericandream.com/"}},{"type":"Feature","geometry":{"type":"Point","coordinates":[-70.8779,44.4747]},"properties":{"name":"Sunday River","vertical_m":706,"website":"https://www.sundayriver.com/"}},{"type":"Feature","geometry":{"type":"Point","coordinates":[-113.5636,43.5063]},"properties":{"name":"Blizzard Mountain","vertical_m":231,"website":null}},{"type":"Feature","geometry":{"type":"Point","coordinates":[-76.7466,45.9148]},"properties":{"name":"Mont Chilly","vertical_m":121,"website":"https://www.montchilly.ca/"}},{"type":"Feature","geometry":{"type":"Point","coordinates":[-116.8917,34.2286]},"properties":{"name":"Snow Summit","vertical_m":372,"website":"https://www.bigbearmountainresort.com/"}},{"type":"Feature","geometry":{"type":"Point","coordinates":[-117.616,50.1438]},"properties":{"name":"Summit Lake Ski & Snowboard Area","vertical_m":141,"website":"https://skisummitlake.com/"}},{"type":"Feature","geometry":{"type":"Point","coordinates":[-72.9245,44.1975]},"properties":{"name":"Mad River Glen","vertical_m":604,"website":"https://www.madriverglen.com"}},{"type":"Feature","geometry":{"type":"Point","coordinates":[-73.7964,43.6594]},"properties":{"name":"Dynamite Hill","vertical_m":22,"website":"https://www.facebook.com/dynamitehill"}},{"type":"Feature","geometry":{"type":"Point","coordinates":[-120.2636,39.351]},"properties":{"name":"Tahoe Donner Downhill Ski Area","vertical_m":149,"website":"https://www.tahoedonner.com/"}},{"type":"Feature","geometry":{"type":"Point","coordinates":[-117.9316,34.3456]},"properties":{"name":"Mount Waterman","vertical_m":305,"website":"http://www.mtwaterman.org/"}},{"type":"Feature","geometry":{"type":"Point","coordinates":[-84.0442,46.7675]},"properties":{"name":"Searchmont Resort","vertical_m":190,"website":"https://www.searchmont.com/"}},{"type":"Feature","geometry":{"type":"Point","coordinates":[-126.3464,50.2227]},"properties":{"name":"Mount Cain Alpine Park","vertical_m":426,"website":"https://www.mountcain.com/"}},{"type":"Feature","geometry":{"type":"Point","coordinates":[-114.4266,49.3089]},"properties":{"name":"Castle Mountain Resort","vertical_m":850,"website":"https://www.skicastle.ca"}},{"type":"Feature","geometry":{"type":"Point","coordinates":[-89.3461,48.2927]},"properties":{"name":"Loch Lomond","vertical_m":179,"website":"https://www.lochlomond.ca/"}},{"type":"Feature","geometry":{"type":"Point","coordinates":[-74.5648,46.1625]},"properties":{"name":"Ski de fond Mont-Tremblant","vertical_m":172,"website":null}},{"type":"Feature","geometry":{"type":"Point","coordinates":[-71.5764,45.0897]},"properties":{"name":"Ski de montagne","vertical_m":null,"website":null}},{"type":"Feature","geometry":{"type":"Point","coordinates":[-69.9453,47.8714]},"properties":{"name":"FQME - \u00d6Bois Charlevoix","vertical_m":251,"website":null}},{"type":"Feature","geometry":{"type":"Point","coordinates":[-89.6555,46.8148]},"properties":{"name":"Porcupine Mountains Winter Sports Complex","vertical_m":191,"website":"https://www.michigan.gov/skitheporkies"}},{"type":"Feature","geometry":{"type":"Point","coordinates":[-85.5209,46.3348]},"properties":{"name":"Big Valley","vertical_m":26,"website":"https://www.facebook.com/Big-Valley-Ski-Hill-Newberry-Michigan-620892508015617/"}},{"type":"Feature","geometry":{"type":"Point","coordinates":[-79.6686,44.6273]},"properties":{"name":"Mount St. Louis Moonstone","vertical_m":155,"website":"https://mountstlouis.com/"}},{"type":"Feature","geometry":{"type":"Point","coordinates":[-90.8966,46.7756]},"properties":{"name":"Unnamed ski area","vertical_m":74,"website":null}},{"type":"Feature","geometry":{"type":"Point","coordinates":[-88.1909,42.4984]},"properties":{"name":"Wilmot Mountain","vertical_m":59,"website":"https://www.wilmotmountain.com/"}},{"type":"Feature","geometry":{"type":"Point","coordinates":[-88.3418,46.0914]},"properties":{"name":"Crystella Ski Hill","vertical_m":29,"website":"https://www.facebook.com/Crystella.Ski.Hill"}},{"type":"Feature","geometry":{"type":"Point","coordinates":[-72.2368,48.8927]},"properties":{"name":"Do-Mi-Ski Ski Area","vertical_m":47,"website":"https://www.domiski.com/"}},{"type":"Feature","geometry":{"type":"Point","coordinates":[-120.7327,56.129]},"properties":{"name":"Big Bam","vertical_m":41,"website":null}},{"type":"Feature","geometry":{"type":"Point","coordinates":[-122.9315,50.0807]},"properties":{"name":"Whistler Blackcomb","vertical_m":1606,"website":"https://www.whistlerblackcomb.com"}},{"type":"Feature","geometry":{"type":"Point","coordinates":[-92.0083,46.853]},"properties":{"name":"Lester-Amity Ski Trails","vertical_m":108,"website":"https://duluthmn.gov/parks/trail-pages-list/cross-country-ski-trails/"}},{"type":"Feature","geometry":{"type":"Point","coordinates":[-82.6347,46.3872]},"properties":{"name":"Mount Dufour","vertical_m":102,"website":"https://www.mountdufour.com"}},{"type":"Feature","geometry":{"type":"Point","coordinates":[-74.2367,46.0397]},"properties":{"name":"Mont Alta","vertical_m":null,"website":"https://experiencemontalta.com"}},{"type":"Feature","geometry":{"type":"Point","coordinates":[-121.4158,47.4317]},"properties":{"name":"Sahalie Ski Club","vertical_m":33,"website":"http://www.sahalie.org/chair2/Home.aspx"}},{"type":"Feature","geometry":{"type":"Point","coordinates":[-74.1683,45.9897]},"properties":{"name":"Mont Sauvage","vertical_m":125,"website":null}},{"type":"Feature","geometry":{"type":"Point","coordinates":[-117.1565,49.4421]},"properties":{"name":"Whitewater Ski Resort","vertical_m":670,"website":"https://www.skiwhitewater.com/"}},{"type":"Feature","geometry":{"type":"Point","coordinates":[-70.712,44.3758]},"properties":{"name":"Mount Abram","vertical_m":316,"website":"https://www.mtabram.com/"}},{"type":"Feature","geometry":{"type":"Point","coordinates":[-116.6574,47.0652]},"properties":{"name":"Palouse Divide Nordic Ski Area","vertical_m":20,"website":"http://palousedividenordic.org/"}},{"type":"Feature","geometry":{"type":"Point","coordinates":[-121.6071,45.4107]},"properties":{"name":"Cooper Spur Ski Area","vertical_m":89,"website":"https://cooperspur.com/"}},{"type":"Feature","geometry":{"type":"Point","coordinates":[-118.1047,52.797]},"properties":{"name":"Marmot Basin","vertical_m":780,"website":"https://www.skimarmot.com"}},{"type":"Feature","geometry":{"type":"Point","coordinates":[-106.3048,39.2413]},"properties":{"name":"Dutch Henry Ski Hill","vertical_m":25,"website":"https://www.coloradoskihistory.com/lost/dutchhenri.html"}},{"type":"Feature","geometry":{"type":"Point","coordinates":[-66.9286,52.9772]},"properties":{"name":"Smokey Mountain Ski Club","vertical_m":198,"website":"http://www.skismokey.ca/"}},{"type":"Feature","geometry":{"type":"Point","coordinates":[-119.9142,49.3835]},"properties":{"name":"Apex Mountain Resort","vertical_m":567,"website":"https://apexresort.com/"}},{"type":"Feature","geometry":{"type":"Point","coordinates":[-63.5511,45.6076]},"properties":{"name":"Ski Wentworth","vertical_m":229,"website":"https://www.skiwentworth.ca/"}},{"type":"Feature","geometry":{"type":"Point","coordinates":[-74.9614,41.1633]},"properties":{"name":"Pocono Ranch Lands Ski Mountain","vertical_m":77,"website":null}},{"type":"Feature","geometry":{"type":"Point","coordinates":[-122.3486,52.9469]},"properties":{"name":"Hallis Lake Ski Trails","vertical_m":132,"website":"https://caribooski.ca/"}},{"type":"Feature","geometry":{"type":"Point","coordinates":[-93.5342,41.5883]},"properties":{"name":"Sleepy Hollow Sports Park","vertical_m":35,"website":"https://sleepyhollowsportspark.com/"}},{"type":"Feature","geometry":{"type":"Point","coordinates":[-73.3103,41.8351]},"properties":{"name":"Mohawk Mountain Ski Area","vertical_m":177,"website":"https://www.mohawkmtn.com/"}},{"type":"Feature","geometry":{"type":"Point","coordinates":[-71.4501,42.5421]},"properties":{"name":"Nashoba Valley Ski Area","vertical_m":70,"website":"https://www.skinashoba.com/"}},{"type":"Feature","geometry":{"type":"Point","coordinates":[-106.3904,35.8922]},"properties":{"name":"Pajarito Mountain","vertical_m":443,"website":"https://www.pajarito.ski/"}},{"type":"Feature","geometry":{"type":"Point","coordinates":[-92.2212,46.7129]},"properties":{"name":"Spirit Mountain","vertical_m":173,"website":"https://spiritmt.com/winter"}},{"type":"Feature","geometry":{"type":"Point","coordinates":[-65.3782,45.6775]},"properties":{"name":"Poley Mountain Ski Area","vertical_m":197,"website":"https://www.poleymountain.com"}},{"type":"Feature","geometry":{"type":"Point","coordinates":[-115.7203,47.451]},"properties":{"name":"Lookout Pass","vertical_m":501,"website":"https://skilookout.com/"}},{"type":"Feature","geometry":{"type":"Point","coordinates":[-71.2264,48.438]},"properties":{"name":"Mont Fortin","vertical_m":88,"website":"https://montfortin.saguenay.ca/"}},{"type":"Feature","geometry":{"type":"Point","coordinates":[-115.1695,50.9484]},"properties":{"name":"Nakiska","vertical_m":766,"website":"https://www.skinakiska.com"}},{"type":"Feature","geometry":{"type":"Point","coordinates":[-74.3042,46.0685]},"properties":{"name":"Maximise (formerly: Mont Castor - Ste-Agathe)","vertical_m":53,"website":"https://imaximise.com/"}},{"type":"Feature","geometry":{"type":"Point","coordinates":[-75.8451,45.5889]},"properties":{"name":"Mont Cascades Ski","vertical_m":147,"website":"https://montcascades.ca/"}},{"type":"Feature","geometry":{"type":"Point","coordinates":[-103.8317,44.3329]},"properties":{"name":"Terry Peak Ski Area","vertical_m":326,"website":"https://terrypeak.com/"}},{"type":"Feature","geometry":{"type":"Point","coordinates":[-117.0682,51.2849]},"properties":{"name":"Kicking Horse Resort","vertical_m":1162,"website":"https://kickinghorseresort.com/"}},{"type":"Feature","geometry":{"type":"Point","coordinates":[-83.0896,35.5586]},"properties":{"name":"Cataloochee Ski Area","vertical_m":221,"website":"https://cataloochee.com/"}},{"type":"Feature","geometry":{"type":"Point","coordinates":[-71.229,43.6037]},"properties":{"name":"Abenaki Ski Area","vertical_m":61,"website":"https://www.wolfeboronh.us/abenaki-ski-areapop-whalen-ice-arts-center/abenaki-ski-area"}},{"type":"Feature","geometry":{"type":"Point","coordinates":[-120.2659,41.5546]},"properties":{"name":"Cedar Pass","vertical_m":118,"website":"https://www.sierranevadageotourism.org/content/cedar-pass-snow-park/sieD169BC3F692C4BE6E"}},{"type":"Feature","geometry":{"type":"Point","coordinates":[-72.7647,46.5204]},"properties":{"name":"Val-Mauricie","vertical_m":54,"website":null}},{"type":"Feature","geometry":{"type":"Point","coordinates":[-72.2126,42.9688]},"properties":{"name":"Granite Gorge Ski Area","vertical_m":152,"website":"https://granitegorge.com/"}},{"type":"Feature","geometry":{"type":"Point","coordinates":[-105.5523,36.1496]},"properties":{"name":"Sipapu Ski and Summer Resort","vertical_m":323,"website":"https://www.sipapu.ski/"}},{"type":"Feature","geometry":{"type":"Point","coordinates":[-107.8357,37.6233]},"properties":{"name":"Purgatory Resort","vertical_m":595,"website":"https://www.purgatory.ski/"}},{"type":"Feature","geometry":{"type":"Point","coordinates":[-76.926,40.1063]},"properties":{"name":"Roundtop Mountain Resort","vertical_m":176,"website":"roundtopmountainresort.com"}},{"type":"Feature","geometry":{"type":"Point","coordinates":[-89.1235,48.5245]},"properties":{"name":"Mount Baldy","vertical_m":141,"website":"https://www.skimountbaldy.ca"}},{"type":"Feature","geometry":{"type":"Point","coordinates":[-72.5586,45.0949]},"properties":{"name":"Mont Sutton","vertical_m":454,"website":"https://www.montsutton.com"}},{"type":"Feature","geometry":{"type":"Point","coordinates":[-72.8733,42.6175]},"properties":{"name":"Berkshire East Ski Resort","vertical_m":286,"website":"https://berkshireeast.com/"}},{"type":"Feature","geometry":{"type":"Point","coordinates":[-71.1587,46.8205]},"properties":{"name":"Centre de plein air de L\u00e9vis","vertical_m":39,"website":"https://www.centredepleinairdelevis.com/"}},{"type":"Feature","geometry":{"type":"Point","coordinates":[-89.889,45.8174]},"properties":{"name":"Minocqua Winter Park","vertical_m":56,"website":"https://minocquawinterpark.org/"}},{"type":"Feature","geometry":{"type":"Point","coordinates":[-71.0871,43.8657]},"properties":{"name":"King Pine","vertical_m":99,"website":"https://www.kingpine.com"}},{"type":"Feature","geometry":{"type":"Point","coordinates":[-110.0124,54.4384]},"properties":{"name":"Kinosoo Ridge","vertical_m":97,"website":"https://www.kinosoo.ca/"}},{"type":"Feature","geometry":{"type":"Point","coordinates":[-120.1327,50.7222]},"properties":{"name":"Harper Mountain","vertical_m":400,"website":"https://www.harpermountain.com/"}},{"type":"Feature","geometry":{"type":"Point","coordinates":[-73.3192,42.1785]},"properties":{"name":"Ski Butternut","vertical_m":285,"website":"https://skibutternut.com/"}},{"type":"Feature","geometry":{"type":"Point","coordinates":[-69.9093,45.0871]},"properties":{"name":"Baker Mountain Ski Area","vertical_m":121,"website":"https://www.facebook.com/Baker-Mt-Ski-Tow-Club-211892185489436/"}},{"type":"Feature","geometry":{"type":"Point","coordinates":[-77.4146,42.7424]},"properties":{"name":"Bristol Mountain Ski Resort","vertical_m":348,"website":"https://www.bristolmountain.com/"}},{"type":"Feature","geometry":{"type":"Point","coordinates":[-73.5199,43.0213]},"properties":{"name":"Willard Mountain","vertical_m":135,"website":"https://www.willardmountain.com/"}},{"type":"Feature","geometry":{"type":"Point","coordinates":[-114.8411,43.4893]},"properties":{"name":"Soldier Mountain Ski Area","vertical_m":425,"website":"https://soldiermountain.com"}},{"type":"Feature","geometry":{"type":"Point","coordinates":[-66.6956,49.0502]},"properties":{"name":"Station Petit Chic-Chocs","vertical_m":155,"website":"https://www.centrepleinaircap-chat.com/activit%C3%A9s"}},{"type":"Feature","geometry":{"type":"Point","coordinates":[-75.5588,41.7185]},"properties":{"name":"Elk Mountain Ski Resort","vertical_m":277,"website":"https://www.elkskier.com/"}},{"type":"Feature","geometry":{"type":"Point","coordinates":[-120.3381,39.3122]},"properties":{"name":"Sugar Bowl Resort","vertical_m":443,"website":"https://www.donnerskiranch.com/"}},{"type":"Feature","geometry":{"type":"Point","coordinates":[-84.345,46.4758]},"properties":{"name":"Sault Seal","vertical_m":22,"website":"https://www.saultcity.com/parksrec/page/sault-seal-recreation-area"}},{"type":"Feature","geometry":{"type":"Point","coordinates":[-120.3848,39.3181]},"properties":{"name":"Soda Springs","vertical_m":164,"website":"https://www.skisodasprings.com/"}},{"type":"Feature","geometry":{"type":"Point","coordinates":[-70.0757,48.2035]},"properties":{"name":"FQME","vertical_m":246,"website":null}},{"type":"Feature","geometry":{"type":"Point","coordinates":[-74.119,42.1841]},"properties":{"name":"Cortina Valley","vertical_m":180,"website":null}},{"type":"Feature","geometry":{"type":"Point","coordinates":[-123.1848,50.1612]},"properties":{"name":"Ski Callaghan","vertical_m":150,"website":"https://skicallaghan.ca/"}},{"type":"Feature","geometry":{"type":"Point","coordinates":[-67.1076,46.1236]},"properties":{"name":"Crabbe Mountain","vertical_m":240,"website":"https://www.crabbemountain.com/"}},{"type":"Feature","geometry":{"type":"Point","coordinates":[-79.1683,42.2653]},"properties":{"name":"Cockaigne Ski Resort","vertical_m":133,"website":"http://www.cockaigne.com/"}},{"type":"Feature","geometry":{"type":"Point","coordinates":[-89.5047,45.549]},"properties":{"name":"Camp 10","vertical_m":62,"website":"https://www.facebook.com/CAMP10SKIAREA/"}},{"type":"Feature","geometry":{"type":"Point","coordinates":[-149.817,61.2737]},"properties":{"name":"Hillberg Ski Area","vertical_m":68,"website":"https://jberlife.com/Hillberg/"}},{"type":"Feature","geometry":{"type":"Point","coordinates":[-70.5885,46.4114]},"properties":{"name":"Mont Orignal","vertical_m":243,"website":"https://www.montorignal.com"}},{"type":"Feature","geometry":{"type":"Point","coordinates":[-71.6914,43.4431]},"properties":{"name":"Veterans Memorial Ski Area","vertical_m":70,"website":"https://www.skithevets.org/"}},{"type":"Feature","geometry":{"type":"Point","coordinates":[-113.3721,53.5668]},"properties":{"name":"Sunridge Ski Area","vertical_m":52,"website":"https://www.sunridgeskiarea.com/"}},{"type":"Feature","geometry":{"type":"Point","coordinates":[-73.7784,43.8318]},"properties":{"name":"Schroon Lake Ski Center","vertical_m":null,"website":"https://www.nelsap.org/ny/schroonlakeskicenter.html"}},{"type":"Feature","geometry":{"type":"Point","coordinates":[-85.6015,34.5343]},"properties":{"name":"Cloudmont Ski Hill","vertical_m":33,"website":null}},{"type":"Feature","geometry":{"type":"Point","coordinates":[-119.9183,48.3919]},"properties":{"name":"Loup Loup Ski Bowl","vertical_m":374,"website":"https://skitheloup.org/"}},{"type":"Feature","geometry":{"type":"Point","coordinates":[-77.3685,39.7596]},"properties":{"name":"Liberty Mountain Resort","vertical_m":176,"website":"https://www.libertymountainresort.com/"}},{"type":"Feature","geometry":{"type":"Point","coordinates":[-122.1711,56.0099]},"properties":{"name":"Hudson's Hope (Portage Mountain)","vertical_m":48,"website":"https://www.facebook.com/pg/HudsonsHopeSkiAssociation/"}},{"type":"Feature","geometry":{"type":"Point","coordinates":[-92.0959,46.8125]},"properties":{"name":"Chester Bowl","vertical_m":46,"website":"https://duluthmn.gov/parks/parks-listing/chester-park/"}},{"type":"Feature","geometry":{"type":"Point","coordinates":[-106.5305,39.5998]},"properties":{"name":"Beaver Creek","vertical_m":1225,"website":"https://www.beavercreek.com/"}},{"type":"Feature","geometry":{"type":"Point","coordinates":[-74.0068,46.1545]},"properties":{"name":"Parc r\u00e9gional de la For\u00eat Ouareau, secteur Grande-Ourse","vertical_m":158,"website":null}},{"type":"Feature","geometry":{"type":"Point","coordinates":[-109.4352,44.9772]},"properties":{"name":"Beartooth Basin Summer Ski Area","vertical_m":166,"website":"https://beartoothbasin.com/"}},{"type":"Feature","geometry":{"type":"Point","coordinates":[-117.5616,48.2923]},"properties":{"name":"49\u00b0 North Mountain Resort","vertical_m":566,"website":"https://www.ski49n.com"}},{"type":"Feature","geometry":{"type":"Point","coordinates":[-120.1371,39.2588]},"properties":{"name":"Northstar at Tahoe Resort","vertical_m":704,"website":"https://www.northstarcalifornia.com/"}},{"type":"Feature","geometry":{"type":"Point","coordinates":[-79.3031,40.0228]},"properties":{"name":"Seven Springs Mountain Resort","vertical_m":226,"website":"https://www.7springs.com/"}},{"type":"Feature","geometry":{"type":"Point","coordinates":[-120.0647,38.6738]},"properties":{"name":"Kirkwood Mountain Resort","vertical_m":505,"website":"https://www.kirkwood.com/"}},{"type":"Feature","geometry":{"type":"Point","coordinates":[-112.3788,38.3227]},"properties":{"name":"Eagle Point","vertical_m":379,"website":"https://www.eaglepointresort.com/"}},{"type":"Feature","geometry":{"type":"Point","coordinates":[-95.7841,46.8153]},"properties":{"name":"Detroit Mountain","vertical_m":60,"website":"https://detroitmountain.com"}},{"type":"Feature","geometry":{"type":"Point","coordinates":[-80.2043,44.3529]},"properties":{"name":"Devil's Glen Country Club","vertical_m":148,"website":"https://www.devilsglen.com/"}},{"type":"Feature","geometry":{"type":"Point","coordinates":[-92.6413,44.9727]},"properties":{"name":"Badlands Snow Park","vertical_m":34,"website":"https://badlandssnowpark.com/"}},{"type":"Feature","geometry":{"type":"Point","coordinates":[-106.0704,39.5849]},"properties":{"name":"Frisco Nordic Center","vertical_m":100,"website":"https://www.townoffrisco.com/things-to-do/frisco-nordic-center/"}},{"type":"Feature","geometry":{"type":"Point","coordinates":[-71.9378,45.3037]},"properties":{"name":"Parc du Mont Hatley","vertical_m":109,"website":"https://www.monthatley.com/"}},{"type":"Feature","geometry":{"type":"Point","coordinates":[-69.3888,44.7957]},"properties":{"name":"Pinnacle Ski Club","vertical_m":31,"website":"http://www.pinnacleskiclub.com/"}},{"type":"Feature","geometry":{"type":"Point","coordinates":[-111.5884,40.3798]},"properties":{"name":"Sundance Resort","vertical_m":655,"website":"https://www.sundanceresort.com/"}},{"type":"Feature","geometry":{"type":"Point","coordinates":[-72.9069,42.9605]},"properties":{"name":"Mount Snow","vertical_m":502,"website":"https://www.mountsnow.com/"}},{"type":"Feature","geometry":{"type":"Point","coordinates":[-117.2064,49.4006]},"properties":{"name":"Nelson Nordic","vertical_m":340,"website":"https://www.nelsonnordicski.ca/"}},{"type":"Feature","geometry":{"type":"Point","coordinates":[-76.1385,42.5018]},"properties":{"name":"Greek Peak Mountain Resort","vertical_m":252,"website":"https://greekpeakmtnresort.com/"}},{"type":"Feature","geometry":{"type":"Point","coordinates":[-74.4796,41.1843]},"properties":{"name":"National Winter Activity Center","vertical_m":168,"website":"http://winter4kids.org"}},{"type":"Feature","geometry":{"type":"Point","coordinates":[-107.669,38.0189]},"properties":{"name":"Lee's Ski Hill","vertical_m":19,"website":"https://www.cityofouray.com/city_offices/city_resources/lee_s_ski_hill.php"}},{"type":"Feature","geometry":{"type":"Point","coordinates":[-123.1917,49.392]},"properties":{"name":"Cypress Mountain","vertical_m":602,"website":"https://cypressmountain.com/"}},{"type":"Feature","geometry":{"type":"Point","coordinates":[-89.0321,42.2598]},"properties":{"name":"Snow Park at Alpine Hills","vertical_m":11,"website":"https://alpinehillsadventure.com/"}},{"type":"Feature","geometry":{"type":"Point","coordinates":[-77.0673,43.1488]},"properties":{"name":"Brantling Ski Slopes","vertical_m":56,"website":"https://www.brantling.com/"}},{"type":"Feature","geometry":{"type":"Point","coordinates":[-60.4268,53.4105]},"properties":{"name":"Snow Goose Mountain Park & Resort","vertical_m":null,"website":"https://snowgoosemountain.com/"}},{"type":"Feature","geometry":{"type":"Point","coordinates":[-85.1364,44.9438]},"properties":{"name":"Schuss Mountain","vertical_m":104,"website":null}},{"type":"Feature","geometry":{"type":"Point","coordinates":[-77.8759,43.1863]},"properties":{"name":"Northampton Park","vertical_m":27,"website":"https://www.monroecounty.gov/parks-northampton"}},{"type":"Feature","geometry":{"type":"Point","coordinates":[-149.738,61.1409]},"properties":{"name":"Hilltop Ski Area","vertical_m":90,"website":"https://www.hilltopskiarea.org/"}},{"type":"Feature","geometry":{"type":"Point","coordinates":[-119.7182,49.8635]},"properties":{"name":"Telemark Cross-Country Ski Trails Recreation Site","vertical_m":416,"website":"https://www.sitesandtrailsbc.ca/resource/REC4564"}},{"type":"Feature","geometry":{"type":"Point","coordinates":[-74.2192,46.0238]},"properties":{"name":"Vall\u00e9e Bleue","vertical_m":98,"website":"https://www.valleebleue.com/"}},{"type":"Feature","geometry":{"type":"Point","coordinates":[-106.5471,39.5911]},"properties":{"name":"McCoy Park","vertical_m":272,"website":null}},{"type":"Feature","geometry":{"type":"Point","coordinates":[-85.8518,49.1329]},"properties":{"name":"Kiwissa Ski Centre","vertical_m":93,"website":null}},{"type":"Feature","geometry":{"type":"Point","coordinates":[-74.1389,45.8821]},"properties":{"name":"Sommet Saint-Sauveur","vertical_m":211,"website":"https://www.sommets.com/fr/montagne-de-ski/sommet-saint-sauveur/"}},{"type":"Feature","geometry":{"type":"Point","coordinates":[-68.478,48.3627]},"properties":{"name":"Val Neigette","vertical_m":176,"website":null}},{"type":"Feature","geometry":{"type":"Point","coordinates":[-116.8594,34.2195]},"properties":{"name":"Bear Mountain","vertical_m":503,"website":"https://www.bigbearmountainresort.com/"}},{"type":"Feature","geometry":{"type":"Point","coordinates":[-71.9003,44.5804]},"properties":{"name":"Burke Mountain Resort","vertical_m":606,"website":"https://www.skiburke.com/"}},{"type":"Feature","geometry":{"type":"Point","coordinates":[-151.4912,59.7085]},"properties":{"name":"Homer","vertical_m":null,"website":"https://www.homerropetow.org/"}},{"type":"Feature","geometry":{"type":"Point","coordinates":[-106.824,40.5017]},"properties":{"name":"Bowes Ski Hill","vertical_m":null,"website":"https://www.coloradoskihistory.com/lost/boweshill.html"}},{"type":"Feature","geometry":{"type":"Point","coordinates":[-80.0749,41.8511]},"properties":{"name":"Mount Pleasant of Edinboro","vertical_m":100,"website":"https://www.skimountpleasant.com/"}},{"type":"Feature","geometry":{"type":"Point","coordinates":[-71.8449,43.4778]},"properties":{"name":"Ragged Mountain Resort","vertical_m":336,"website":"https://www.raggedmountainresort.com/"}},{"type":"Feature","geometry":{"type":"Point","coordinates":[-71.1649,44.1723]},"properties":{"name":"Black Mountain","vertical_m":310,"website":"https://www.blackmt.com"}},{"type":"Feature","geometry":{"type":"Point","coordinates":[-73.8936,44.223]},"properties":{"name":"North County School","vertical_m":null,"website":"https://northcountryschool.org/signature-programs/outdoors/skiing-snowboarding/"}},{"type":"Feature","geometry":{"type":"Point","coordinates":[-112.7775,54.4662]},"properties":{"name":"Long Lake","vertical_m":61,"website":"https://skilonglake.com/"}},{"type":"Feature","geometry":{"type":"Point","coordinates":[-73.6637,45.7122]},"properties":{"name":"Groupe Plein Air Terrebonne","vertical_m":25,"website":"https://www.gpat.ca/"}},{"type":"Feature","geometry":{"type":"Point","coordinates":[-71.4177,43.7486]},"properties":{"name":"Red Hill Outing Club","vertical_m":65,"website":"https://www.redhillskiclub.org/"}},{"type":"Feature","geometry":{"type":"Point","coordinates":[-70.4859,46.6134]},"properties":{"name":"Station  touristique du Massif du Sud","vertical_m":378,"website":"https://massifdusud.net/"}},{"type":"Feature","geometry":{"type":"Point","coordinates":[-75.0192,41.5261]},"properties":{"name":"Big Bear Ski Resort","vertical_m":177,"website":"https://www.ski-bigbear.com/"}},{"type":"Feature","geometry":{"type":"Point","coordinates":[-87.8675,45.7913]},"properties":{"name":"Norway Mountain Ski Resort","vertical_m":94,"website":"https://www.norwaymountain.com/"}},{"type":"Feature","geometry":{"type":"Point","coordinates":[-105.7895,35.7913]},"properties":{"name":"Ski Santa Fe, Santa Fe, Q38555","vertical_m":534,"website":"https://www.skisantafe.com/"}},{"type":"Feature","geometry":{"type":"Point","coordinates":[-115.6541,54.1346]},"properties":{"name":"Eastlink Park","vertical_m":50,"website":"https://eastlinkpark.com/"}},{"type":"Feature","geometry":{"type":"Point","coordinates":[-83.5237,42.6542]},"properties":{"name":"Alpine Valley Ski Area","vertical_m":76,"website":"http://www.skialpinevalley.com/"}},{"type":"Feature","geometry":{"type":"Point","coordinates":[-115.8707,46.5695]},"properties":{"name":"Bald Mountain Ski Area","vertical_m":197,"website":"https://skibaldmountain.com/"}},{"type":"Feature","geometry":{"type":"Point","coordinates":[-67.929,46.7241]},"properties":{"name":"Quoggy Jo Ski Center","vertical_m":56,"website":"https://www.skiquoggyjo.org/"}},{"type":"Feature","geometry":{"type":"Point","coordinates":[-71.7719,43.7438]},"properties":{"name":"Tenney Mountain Resort","vertical_m":428,"website":"https://www.skitenney.com/"}},{"type":"Feature","geometry":{"type":"Point","coordinates":[-120.4117,47.2834]},"properties":{"name":"Mission Ridge","vertical_m":663,"website":"https://missionridge.com"}},{"type":"Feature","geometry":{"type":"Point","coordinates":[-119.161,48.8632]},"properties":{"name":"Sitzmark Ski Hill","vertical_m":153,"website":"https://ride-sitzmark.com/"}},{"type":"Feature","geometry":{"type":"Point","coordinates":[-122.7112,42.0843]},"properties":{"name":"Mount Ashland","vertical_m":354,"website":"https://www.mtashland.com/"}},{"type":"Feature","geometry":{"type":"Point","coordinates":[-105.9344,39.5718]},"properties":{"name":"Keystone","vertical_m":913,"website":"http://keystoneresort.com/"}},{"type":"Feature","geometry":{"type":"Point","coordinates":[-94.8768,47.6584]},"properties":{"name":"Buena Vista Ski Area","vertical_m":53,"website":"https://www.bvskiarea.com/"}},{"type":"Feature","geometry":{"type":"Point","coordinates":[-120.3495,39.3318]},"properties":{"name":"Boreal Mountain Resort","vertical_m":162,"website":"https://www.rideboreal.com/winter"}},{"type":"Feature","geometry":{"type":"Point","coordinates":[-115.7709,51.092]},"properties":{"name":"Banff Sunshine Village","vertical_m":1025,"website":"https://www.skibanff.com"}},{"type":"Feature","geometry":{"type":"Point","coordinates":[-86.8811,46.3583]},"properties":{"name":"Chatham Hill","vertical_m":null,"website":"https://www.facebook.com/Friends-of-Chatham-Ski-Hill-107103212654722/"}},{"type":"Feature","geometry":{"type":"Point","coordinates":[-119.884,39.3194]},"properties":{"name":"Mount Rose Ski Tahoe","vertical_m":495,"website":"https://skirose.com/"}},{"type":"Feature","geometry":{"type":"Point","coordinates":[-116.2196,50.4428]},"properties":{"name":"Panorama Mountain Resort","vertical_m":1216,"website":"https://www.panoramaresort.com"}},{"type":"Feature","geometry":{"type":"Point","coordinates":[-80.284,44.4581]},"properties":{"name":"Osler Bluff Ski Club","vertical_m":225,"website":"https://www.oslerbluff.com"}},{"type":"Feature","geometry":{"type":"Point","coordinates":[-127.2296,54.7381]},"properties":{"name":"Bulkley Valley Nordic Centre","vertical_m":173,"website":"https://bvnordic.ca/"}},{"type":"Feature","geometry":{"type":"Point","coordinates":[-74.5066,43.0833]},"properties":{"name":"Royal Mountain","vertical_m":156,"website":"https://www.royalmountain.com/"}},{"type":"Feature","geometry":{"type":"Point","coordinates":[-96.6643,43.5774]},"properties":{"name":"Great Bear Recreation Park","vertical_m":50,"website":null}},{"type":"Feature","geometry":{"type":"Point","coordinates":[-111.6248,40.58]},"properties":{"name":"Alta Ski Area","vertical_m":614,"website":"https://www.alta.com/"}},{"type":"Feature","geometry":{"type":"Point","coordinates":[-117.1937,45.2699]},"properties":{"name":"High Wallowas","vertical_m":1108,"website":"https://wallowalaketramway.com/activities/"}},{"type":"Feature","geometry":{"type":"Point","coordinates":[-72.0757,43.3239]},"properties":{"name":"Mount Sunapee","vertical_m":443,"website":"https://www.mountsunapee.com/"}},{"type":"Feature","geometry":{"type":"Point","coordinates":[-71.2978,44.2622]},"properties":{"name":"Tuckerman Ravine","vertical_m":null,"website":"https://www.mountwashingtonavalanchecenter.org/"}},{"type":"Feature","geometry":{"type":"Point","coordinates":[-98.3867,49.4748]},"properties":{"name":"Birch","vertical_m":59,"website":"https://skibirch.wordpress.com/"}},{"type":"Feature","geometry":{"type":"Point","coordinates":[-88.3131,43.2526]},"properties":{"name":"Heiliger Huegel Ski Club","vertical_m":76,"website":"https://www.hhskiclub.com/"}},{"type":"Feature","geometry":{"type":"Point","coordinates":[-119.3988,56.6026]},"properties":{"name":"Whispering Pines","vertical_m":136,"website":"https://www.skiworsley.com/"}},{"type":"Feature","geometry":{"type":"Point","coordinates":[-74.6563,42.2879]},"properties":{"name":"Plattekill Mountain Ski Area","vertical_m":296,"website":"https://plattekill.com"}},{"type":"Feature","geometry":{"type":"Point","coordinates":[-79.0601,44.0297]},"properties":{"name":"Ski Lakeridge","vertical_m":76,"website":"https://ski-lakeridge.com/"}},{"type":"Feature","geometry":{"type":"Point","coordinates":[-79.4305,43.7532]},"properties":{"name":"Earl Bales Park Ski and Snowboard Centre","vertical_m":41,"website":"https://www.toronto.ca/explore-enjoy/parks-recreation/places-spaces/parks-and-recreation-facilities/location/?id=2766"}},{"type":"Feature","geometry":{"type":"Point","coordinates":[-88.2243,43.4946]},"properties":{"name":"Sunburst Ski Area","vertical_m":60,"website":"https://skisunburst.com/"}},{"type":"Feature","geometry":{"type":"Point","coordinates":[-112.8121,47.9307]},"properties":{"name":"Teton Pass Ski Resort","vertical_m":276,"website":"https://www.skitetonmt.com/"}},{"type":"Feature","geometry":{"type":"Point","coordinates":[-72.3713,43.8351]},"properties":{"name":"Harrington Hill","vertical_m":50,"website":null}},{"type":"Feature","geometry":{"type":"Point","coordinates":[-72.7728,47.4325]},"properties":{"name":"La Tuque","vertical_m":143,"website":"https://www.ville.latuque.qc.ca/fr/loisirs-et-culture/ski-la-tuque/informations-generales"}},{"type":"Feature","geometry":{"type":"Point","coordinates":[-120.3383,39.3238]},"properties":{"name":"Donner Ski Ranch","vertical_m":219,"website":"https://www.donnerskiranch.com/"}},{"type":"Feature","geometry":{"type":"Point","coordinates":[-71.64,44.0457]},"properties":{"name":"Loon Mountain Resort","vertical_m":666,"website":"https://www.loonmtn.com/"}},{"type":"Feature","geometry":{"type":"Point","coordinates":[-110.9472,43.7858]},"properties":{"name":"Grand Targhee Resort","vertical_m":682,"website":"https://www.grandtarghee.com/"}},{"type":"Feature","geometry":{"type":"Point","coordinates":[-73.1023,41.8739]},"properties":{"name":"Lakeridge","vertical_m":46,"website":"https://lakeridgect.com/skiing"}},{"type":"Feature","geometry":{"type":"Point","coordinates":[-79.1661,37.3529]},"properties":{"name":"Snowflex","vertical_m":48,"website":"https://www.liberty.edu/snowflex/"}},{"type":"Feature","geometry":{"type":"Point","coordinates":[-72.9024,43.1011]},"properties":{"name":"Stratton Mountain Resort","vertical_m":577,"website":"https://www.stratton.com/"}},{"type":"Feature","geometry":{"type":"Point","coordinates":[-72.0965,43.784]},"properties":{"name":"Dartmouth Skiway","vertical_m":300,"website":"http://skiway.dartmouth.edu/"}},{"type":"Feature","geometry":{"type":"Point","coordinates":[-74.1885,46.2821]},"properties":{"name":"Ski La R\u00e9serve","vertical_m":246,"website":"https://skilareserve.com/"}},{"type":"Feature","geometry":{"type":"Point","coordinates":[-120.2435,39.1654]},"properties":{"name":"Palisades Tahoe Alpine Meadows","vertical_m":691,"website":"https://whitewolftahoe.com/"}},{"type":"Feature","geometry":{"type":"Point","coordinates":[-79.0578,44.0103]},"properties":{"name":"Dagmar","vertical_m":56,"website":"https://www.skidagmar.com/"}},{"type":"Feature","geometry":{"type":"Point","coordinates":[-74.1175,45.9149]},"properties":{"name":"Sommet Olympia","vertical_m":195,"website":"https://www.sommets.com/fr/discover-les-sommets/sommet-olympia/"}},{"type":"Feature","geometry":{"type":"Point","coordinates":[-101.3325,50.9481]},"properties":{"name":"Asessippi Ski Area and Resort","vertical_m":105,"website":"https://www.asessippi.com/"}},{"type":"Feature","geometry":{"type":"Point","coordinates":[-72.5029,48.5914]},"properties":{"name":"Toboski","vertical_m":74,"website":"https://www.toboski.ca/"}},{"type":"Feature","geometry":{"type":"Point","coordinates":[-85.6643,44.7688]},"properties":{"name":"Hickory Hills","vertical_m":66,"website":"https://www.traversecitymi.gov/government/city-departments/hickory-hills/hickory-hills.html"}},{"type":"Feature","geometry":{"type":"Point","coordinates":[-94.9693,39.4655]},"properties":{"name":"Snow Creek","vertical_m":79,"website":"https://skisnowcreek.com/"}},{"type":"Feature","geometry":{"type":"Point","coordinates":[-106.3507,39.6029]},"properties":{"name":"Vail","vertical_m":1074,"website":"https://www.vail.com"}},{"type":"Feature","geometry":{"type":"Point","coordinates":[-85.7838,42.3925]},"properties":{"name":"Timber Ridge Ski Area","vertical_m":66,"website":"https://www.timberridgeski.com/"}},{"type":"Feature","geometry":{"type":"Point","coordinates":[-72.7367,43.1931]},"properties":{"name":"Timber Ridge","vertical_m":232,"website":null}},{"type":"Feature","geometry":{"type":"Point","coordinates":[-79.789,44.4099]},"properties":{"name":"Snow Valley Ski Resort","vertical_m":88,"website":"https://www.skisnowvalley.com"}},{"type":"Feature","geometry":{"type":"Point","coordinates":[-72.5476,43.6627]},"properties":{"name":"Saskadena Six","vertical_m":188,"website":"https://www.saskadenasix.com"}},{"type":"Feature","geometry":{"type":"Point","coordinates":[-72.9006,42.924]},"properties":{"name":"The Hermitage Club at Haystack Mountain","vertical_m":429,"website":"http://hermitageclub.com"}},{"type":"Feature","geometry":{"type":"Point","coordinates":[-73.101,42.195]},"properties":{"name":"Otis Ridge","vertical_m":97,"website":"https://www.otisridge.com/"}},{"type":"Feature","geometry":{"type":"Point","coordinates":[-121.4861,46.9334]},"properties":{"name":"Crystal Mountain","vertical_m":728,"website":"https://www.crystalmountainresort.com/"}},{"type":"Feature","geometry":{"type":"Point","coordinates":[-77.5093,46.1151]},"properties":{"name":"Mount Martin Ski Club","vertical_m":35,"website":"https://www.mountmartin.ca/"}},{"type":"Feature","geometry":{"type":"Point","coordinates":[-105.5212,39.6857]},"properties":{"name":"Echo Mountain","vertical_m":182,"website":"https://echomntn.com/"}},{"type":"Feature","geometry":{"type":"Point","coordinates":[-76.1074,40.9272]},"properties":{"name":"Eagle Rock Ski Resort","vertical_m":150,"website":"http://www.eaglerockresort.com/leisure-activities/ski/"}},{"type":"Feature","geometry":{"type":"Point","coordinates":[-114.5411,54.3641]},"properties":{"name":"Misty Ridge","vertical_m":72,"website":"https://mistyridgeskihill.com/"}},{"type":"Feature","geometry":{"type":"Point","coordinates":[-85.5042,43.0515]},"properties":{"name":"Cannonsburg Ski Area","vertical_m":64,"website":"https://cannonsburg.com"}},{"type":"Feature","geometry":{"type":"Point","coordinates":[-118.8602,55.0583]},"properties":{"name":"Nitehawk","vertical_m":145,"website":"https://gonitehawk.com/"}},{"type":"Feature","geometry":{"type":"Point","coordinates":[-110.9194,42.7237]},"properties":{"name":"Sno-Shoe Hollow","vertical_m":null,"website":null}},{"type":"Feature","geometry":{"type":"Point","coordinates":[-85.1798,44.9499]},"properties":{"name":"Shanty Creek Resorts","vertical_m":null,"website":"https://www.shantycreek.com/"}},{"type":"Feature","geometry":{"type":"Point","coordinates":[-73.696,42.1255]},"properties":{"name":"Polar Peak Ski Bowl","vertical_m":null,"website":"https://www.polarpeak.com/"}},{"type":"Feature","geometry":{"type":"Point","coordinates":[-90.0931,46.5061]},"properties":{"name":"Big Powderhorn Mountain Resort","vertical_m":128,"website":"https://bigpowderhorn.net/"}},{"type":"Feature","geometry":{"type":"Point","coordinates":[-81.1179,37.5959]},"properties":{"name":"Winterplace Ski Resort","vertical_m":159,"website":"https://www.winterplace.com/"}},{"type":"Feature","geometry":{"type":"Point","coordinates":[-149.2378,61.7434]},"properties":{"name":"Skeetawk","vertical_m":86,"website":"https://skeetawk.com/"}},{"type":"Feature","geometry":{"type":"Point","coordinates":[-72.9416,41.8832]},"properties":{"name":"Ski Sundown","vertical_m":170,"website":"https://skisundown.com"}},{"type":"Feature","geometry":{"type":"Point","coordinates":[-121.8807,53.8954]},"properties":{"name":"Purden Ski Village","vertical_m":323,"website":"https://www.purden.com/skiabout.html"}},{"type":"Feature","geometry":{"type":"Point","coordinates":[-64.1704,44.9352]},"properties":{"name":"Ski Martock","vertical_m":163,"website":"https://www.martock.com/"}},{"type":"Feature","geometry":{"type":"Point","coordinates":[-117.1125,47.9279]},"properties":{"name":"Mt. Spokane","vertical_m":602,"website":"https://www.mtspokane.com/"}},{"type":"Feature","geometry":{"type":"Point","coordinates":[-81.8823,36.1906]},"properties":{"name":"Beech Mountain Resort","vertical_m":229,"website":"https://www.beechmountainresort.com/"}},{"type":"Feature","geometry":{"type":"Point","coordinates":[-101.6118,51.5607]},"properties":{"name":"The Duck","vertical_m":97,"website":"https://www.skitheduck.com/"}},{"type":"Feature","geometry":{"type":"Point","coordinates":[-122.457,53.9399]},"properties":{"name":"Tabor Mountain","vertical_m":238,"website":"http://www.tabormountain.com"}},{"type":"Feature","geometry":{"type":"Point","coordinates":[-105.4502,36.5789]},"properties":{"name":"Taos Ski Valley","vertical_m":752,"website":"https://www.skitaos.com/"}},{"type":"Feature","geometry":{"type":"Point","coordinates":[-74.1267,44.3435]},"properties":{"name":"Mount Pisgah Ski Center","vertical_m":84,"website":"https://saranaclakeny.gov/mount-pisgah/"}},{"type":"Feature","geometry":{"type":"Point","coordinates":[-105.9027,40.0276]},"properties":{"name":"Granby Ranch","vertical_m":256,"website":"https://granbyranch.com/"}},{"type":"Feature","geometry":{"type":"Point","coordinates":[-68.5948,47.2425]},"properties":{"name":"Lonesome Pine Trails","vertical_m":127,"website":"https://www.lonesomepines.org/"}},{"type":"Feature","geometry":{"type":"Point","coordinates":[-116.1432,45.0014]},"properties":{"name":"Brundage Mountain","vertical_m":526,"website":"https://brundage.com/"}},{"type":"Feature","geometry":{"type":"Point","coordinates":[-71.8079,46.9121]},"properties":{"name":"St Raymond","vertical_m":83,"website":"https://villesaintraymond.com/ski-saint-raymond"}},{"type":"Feature","geometry":{"type":"Point","coordinates":[-74.0389,42.921]},"properties":{"name":"Ski Venture","vertical_m":null,"website":"https://www.skiventure.org/"}},{"type":"Feature","geometry":{"type":"Point","coordinates":[-71.1925,46.0314]},"properties":{"name":"Mont Adstock","vertical_m":226,"website":"https://montadstock.ca/"}},{"type":"Feature","geometry":{"type":"Point","coordinates":[-122.0295,43.6125]},"properties":{"name":"Willamette Pass","vertical_m":474,"website":"https://www.willamettepass.ski/"}},{"type":"Feature","geometry":{"type":"Point","coordinates":[-76.2861,43.0366]},"properties":{"name":"Camillus","vertical_m":27,"website":"https://www.camillusskihill.com/"}},{"type":"Feature","geometry":{"type":"Point","coordinates":[-71.4686,44.2509]},"properties":{"name":"Bretton Woods Ski Area","vertical_m":425,"website":"https://www.brettonwoods.com/winter_sports/alpine/overview"}},{"type":"Feature","geometry":{"type":"Point","coordinates":[-65.5049,48.9739]},"properties":{"name":"FQME - Mont Porphyre","vertical_m":258,"website":null}},{"type":"Feature","geometry":{"type":"Point","coordinates":[-75.3792,43.2989]},"properties":{"name":"Woods Valley","vertical_m":150,"website":"https://www.woodsvalleyskiarea.com/"}},{"type":"Feature","geometry":{"type":"Point","coordinates":[-90.7209,47.6574]},"properties":{"name":"Lutsen Mountains","vertical_m":236,"website":"https://www.lutsen.com/"}},{"type":"Feature","geometry":{"type":"Point","coordinates":[-73.8755,46.2773]},"properties":{"name":"Centre d\u2019excellence acrobatique de Val Saint-C\u00f4me","vertical_m":201,"website":"https://www.valsaintcome.com"}},{"type":"Feature","geometry":{"type":"Point","coordinates":[-75.2491,43.0823]},"properties":{"name":"Val Bialas Ski Center","vertical_m":76,"website":null}},{"type":"Feature","geometry":{"type":"Point","coordinates":[-116.0934,45.8677]},"properties":{"name":"Snowhaven","vertical_m":113,"website":"https://grangeville.us/snowhaven-facebook2/ski-tickets-and-hours-of-operation/"}},{"type":"Feature","geometry":{"type":"Point","coordinates":[-115.6801,36.3006]},"properties":{"name":"Lee Canyon","vertical_m":233,"website":"https://www.leecanyonlv.com/"}},{"type":"Feature","geometry":{"type":"Point","coordinates":[-65.4846,48.9639]},"properties":{"name":"Station de ski Mont Miller","vertical_m":239,"website":"https://chic-chac.com/en/ski-and-snowboard1/skimontmiller/"}},{"type":"Feature","geometry":{"type":"Point","coordinates":[-81.5418,48.5371]},"properties":{"name":"Kamiskotia","vertical_m":101,"website":"https://mountjamieson.ca/"}},{"type":"Feature","geometry":{"type":"Point","coordinates":[-107.8682,37.2818]},"properties":{"name":"Chapman Hill Recreation Area","vertical_m":94,"website":"https://www.durangogov.org/index.aspx?NID=544"}},{"type":"Feature","geometry":{"type":"Point","coordinates":[-77.937,39.7441]},"properties":{"name":"Whitetail Resort","vertical_m":283,"website":"https://www.skiwhitetail.com/"}},{"type":"Feature","geometry":{"type":"Point","coordinates":[-72.7522,44.2553]},"properties":{"name":"Cosmic Hill","vertical_m":46,"website":"https://www.youtube.com/@Stringsvibe1"}},{"type":"Feature","geometry":{"type":"Point","coordinates":[-68.5699,47.9925]},"properties":{"name":"Mont Biencourt","vertical_m":136,"website":"https://www.montbiencourt.com/"}},{"type":"Feature","geometry":{"type":"Point","coordinates":[-111.5835,40.7514]},"properties":{"name":"Woodward","vertical_m":108,"website":"https://www.woodwardparkcity.com/"}},{"type":"Feature","geometry":{"type":"Point","coordinates":[-70.9327,45.5882]},"properties":{"name":"Baie des Sables","vertical_m":50,"website":"https://baiedessables.com/"}},{"type":"Feature","geometry":{"type":"Point","coordinates":[-107.2177,44.161]},"properties":{"name":"Meadowlark Ski Area","vertical_m":242,"website":"https://meadowlarklakeresort.com/ski-area/"}},{"type":"Feature","geometry":{"type":"Point","coordinates":[-75.8757,45.5405]},"properties":{"name":"Camp Fortune","vertical_m":181,"website":"https://campfortune.com/"}},{"type":"Feature","geometry":{"type":"Point","coordinates":[-74.3477,45.9677]},"properties":{"name":"Ski Mont Avalanche","vertical_m":126,"website":"https://www.avalancheculturepleinair.com/"}},{"type":"Feature","geometry":{"type":"Point","coordinates":[-106.9015,41.1366]},"properties":{"name":"Green Mountain","vertical_m":348,"website":"https://www.brushcreekranch.com/green-mountain"}},{"type":"Feature","geometry":{"type":"Point","coordinates":[-73.7345,43.2888]},"properties":{"name":"West Mountain Ski Resort","vertical_m":306,"website":"https://westmountain.com/"}},{"type":"Feature","geometry":{"type":"Point","coordinates":[-146.1355,61.0763]},"properties":{"name":"Salmonberry Hill","vertical_m":55,"website":"https://www.valdezak.gov/754/Salmonberry-Ski-Hill"}},{"type":"Feature","geometry":{"type":"Point","coordinates":[-74.4904,46.1027]},"properties":{"name":"Ski Mont Blanc","vertical_m":200,"website":"https://www.skimontblanc.com"}},{"type":"Feature","geometry":{"type":"Point","coordinates":[-94.3081,45.3441]},"properties":{"name":"Powder Ridge","vertical_m":75,"website":"https://powderridge.com/"}},{"type":"Feature","geometry":{"type":"Point","coordinates":[-89.1826,44.1201]},"properties":{"name":"Nordic Mountain","vertical_m":67,"website":"https://www.nordicmountain.com/"}},{"type":"Feature","geometry":{"type":"Point","coordinates":[-83.4225,47.8484]},"properties":{"name":"Chapleau Ski Hill","vertical_m":null,"website":"https://www.facebook.com/ChapleauSkiClub/"}},{"type":"Feature","geometry":{"type":"Point","coordinates":[-70.3715,47.8097]},"properties":{"name":"Mont Grand-Fonds","vertical_m":332,"website":"https://montgrandfonds.com"}},{"type":"Feature","geometry":{"type":"Point","coordinates":[-75.358,41.4307]},"properties":{"name":"The Hideout","vertical_m":38,"website":"https://www.hideoutassoc.com/Amenities/Ski_Hill.aspx"}},{"type":"Feature","geometry":{"type":"Point","coordinates":[-70.288,45.0692]},"properties":{"name":"Sugarloaf Outdoor Center","vertical_m":232,"website":"https://www.sugarloaf.com/the-outdoor-center"}},{"type":"Feature","geometry":{"type":"Point","coordinates":[-110.1579,53.1005]},"properties":{"name":"Mount Joy","vertical_m":94,"website":"https://www.mountjoyresort.com/"}},{"type":"Feature","geometry":{"type":"Point","coordinates":[-117.8523,46.0761]},"properties":{"name":"Bluewood","vertical_m":342,"website":"https://www.bluewood.com"}},{"type":"Feature","geometry":{"type":"Point","coordinates":[-91.5936,48.806]},"properties":{"name":"Mount Fairweather","vertical_m":73,"website":null}},{"type":"Feature","geometry":{"type":"Point","coordinates":[-119.1572,37.2266]},"properties":{"name":"China Peak Mountain Resort","vertical_m":487,"website":"https://www.skichinapeak.com/"}},{"type":"Feature","geometry":{"type":"Point","coordinates":[-73.9819,41.3929]},"properties":{"name":"Victor Constant Ski Area","vertical_m":154,"website":"https://www.westpointmwr.com/ski/"}},{"type":"Feature","geometry":{"type":"Point","coordinates":[-74.2566,42.293]},"properties":{"name":"Windham Mountain Club","vertical_m":432,"website":"https://www.windhammountain.com/"}},{"type":"Feature","geometry":{"type":"Point","coordinates":[-119.885,50.8865]},"properties":{"name":"Sun Peaks Resort","vertical_m":887,"website":"https://www.sunpeaksresort.com/"}},{"type":"Feature","geometry":{"type":"Point","coordinates":[-106.1781,41.3376]},"properties":{"name":"Snowy Range","vertical_m":265,"website":"https://snowyrangeski.com/"}},{"type":"Feature","geometry":{"type":"Point","coordinates":[-105.7755,39.8676]},"properties":{"name":"Winter Park Resort","vertical_m":883,"website":"https://www.winterparkresort.com"}},{"type":"Feature","geometry":{"type":"Point","coordinates":[-82.5073,35.9512]},"properties":{"name":"Hatley Pointe","vertical_m":196,"website":"https://hatleypointe.com/"}},{"type":"Feature","geometry":{"type":"Point","coordinates":[-107.0679,40.9919]},"properties":{"name":"Three Forks Ranch","vertical_m":347,"website":"https://threeforksranch.com/skiing-snowboarding.html"}},{"type":"Feature","geometry":{"type":"Point","coordinates":[-77.7805,48.4168]},"properties":{"name":"Mont Vid\u00e9o","vertical_m":99,"website":"https://montvideo.ca/"}},{"type":"Feature","geometry":{"type":"Point","coordinates":[-97.2055,50.0941]},"properties":{"name":"Stony Mountain Ski Area","vertical_m":19,"website":"https://www.skistony.com/"}},{"type":"Feature","geometry":{"type":"Point","coordinates":[-88.2518,43.3744]},"properties":{"name":"Fox Hill Ski Area","vertical_m":68,"website":"https://www.foxhill.org/"}},{"type":"Feature","geometry":{"type":"Point","coordinates":[-84.9432,45.376]},"properties":{"name":"Petoskey Winter Sports Park","vertical_m":24,"website":null}},{"type":"Feature","geometry":{"type":"Point","coordinates":[-93.1485,44.9847]},"properties":{"name":"Como Park Ski Center","vertical_m":15,"website":"https://www.stpaul.gov/departments/parks-and-recreation/activities-events/winter-activities/downhill-skiing-snowboarding"}},{"type":"Feature","geometry":{"type":"Point","coordinates":[-74.1717,45.9572]},"properties":{"name":"Ski Chantecler","vertical_m":184,"website":"https://www.skichantecler.com/"}},{"type":"Feature","geometry":{"type":"Point","coordinates":[-114.2148,51.0798]},"properties":{"name":"WinSport (Canada Olympic Park)","vertical_m":142,"website":"https://www.winsport.ca/"}},{"type":"Feature","geometry":{"type":"Point","coordinates":[-88.0092,47.3895]},"properties":{"name":"Mount Bohemia","vertical_m":244,"website":"https://www.mtbohemia.com/"}},{"type":"Feature","geometry":{"type":"Point","coordinates":[-86.5102,38.5584]},"properties":{"name":"Paoli Peaks","vertical_m":86,"website":"https://www.paolipeaks.com/"}},{"type":"Feature","geometry":{"type":"Point","coordinates":[-85.2631,43.1696]},"properties":{"name":"Tower Mountain","vertical_m":null,"website":"https://www.facebook.com/towermountain/"}},{"type":"Feature","geometry":{"type":"Point","coordinates":[-71.3082,47.1834]},"properties":{"name":"Parc national de La Jacques-Cartier","vertical_m":412,"website":"https://www.sepaq.com/pq/jac/information.dot"}},{"type":"Feature","geometry":{"type":"Point","coordinates":[-107.1064,38.8789]},"properties":{"name":"Irwin Lodge Snowcat","vertical_m":null,"website":"https://irwinguides.com/snowcat-skiing/"}},{"type":"Feature","geometry":{"type":"Point","coordinates":[-85.7358,44.2407]},"properties":{"name":"Mackenzie Cross-Country Trail","vertical_m":54,"website":"https://www.fs.usda.gov/recarea/hmnf/recarea/?recid=18766"}},{"type":"Feature","geometry":{"type":"Point","coordinates":[-106.687,52.0965]},"properties":{"name":"Optimist Hill","vertical_m":23,"website":"https://optimisthill.ca/"}},{"type":"Feature","geometry":{"type":"Point","coordinates":[-93.3654,44.8433]},"properties":{"name":"Hyland Hills Ski Area","vertical_m":52,"website":"https://www.threeriversparks.org/location/hyland-hills-ski-area"}},{"type":"Feature","geometry":{"type":"Point","coordinates":[-96.665,43.5821]},"properties":{"name":"Great Bear Recreation Park","vertical_m":null,"website":"https://www.greatbearpark.com/"}},{"type":"Feature","geometry":{"type":"Point","coordinates":[-72.802,46.6178]},"properties":{"name":"Vallee du Parc","vertical_m":142,"website":"https://www.valleeduparc.com/"}},{"type":"Feature","geometry":{"type":"Point","coordinates":[-105.7087,32.9483]},"properties":{"name":"Ski Cloudcroft","vertical_m":192,"website":"https://skicloudcroft.net"}},{"type":"Feature","geometry":{"type":"Point","coordinates":[-75.6597,41.3533]},"properties":{"name":"Montage Mountain Ski Area","vertical_m":305,"website":"Montage Mountain Ski Resort"}},{"type":"Feature","geometry":{"type":"Point","coordinates":[-72.9819,44.3922]},"properties":{"name":"Cochran's Ski Area","vertical_m":98,"website":"https://cochranskiarea.com/"}},{"type":"Feature","geometry":{"type":"Point","coordinates":[-72.637,45.2909]},"properties":{"name":"Bromont Montagne d'Exp\u00e9rience","vertical_m":364,"website":"https://www.bromontmontagne.com/"}},{"type":"Feature","geometry":{"type":"Point","coordinates":[-88.7055,46.0283]},"properties":{"name":"Ski Brule","vertical_m":95,"website":"https://skibrule.com/"}},{"type":"Feature","geometry":{"type":"Point","coordinates":[-74.3352,45.4657]},"properties":{"name":"Mont Rigaud","vertical_m":109,"website":"https://ski.montrigaud.com/home"}},{"type":"Feature","geometry":{"type":"Point","coordinates":[-114.3242,48.4764]},"properties":{"name":"Whitefish Mountain Resort","vertical_m":698,"website":"https://skiwhitefish.com"}},{"type":"Feature","geometry":{"type":"Point","coordinates":[-74.9714,41.7633]},"properties":{"name":"Villa Roma Ski Area","vertical_m":57,"website":"https://www.villaroma.com/"}},{"type":"Feature","geometry":{"type":"Point","coordinates":[-120.2973,42.2334]},"properties":{"name":"Warner Canyon Ski Area","vertical_m":231,"website":"https://www.warner-canyon.com/"}},{"type":"Feature","geometry":{"type":"Point","coordinates":[-82.1886,49.3753]},"properties":{"name":"Remi Ski Club","vertical_m":31,"website":null}},{"type":"Feature","geometry":{"type":"Point","coordinates":[-79.4359,39.0041]},"properties":{"name":"Canaan Valley Resort","vertical_m":256,"website":"https://www.canaanresort.com/winter/"}},{"type":"Feature","geometry":{"type":"Point","coordinates":[-111.5808,40.5987]},"properties":{"name":"Brighton Resort","vertical_m":519,"website":"https://brightonresort.com/"}},{"type":"Feature","geometry":{"type":"Point","coordinates":[-106.9502,39.1864]},"properties":{"name":"Aspen Snowmass","vertical_m":1341,"website":"https://www.aspensnowmass.com/four-mountains/snowmass"}},{"type":"Feature","geometry":{"type":"Point","coordinates":[-85.9966,44.5238]},"properties":{"name":"Crystal Mountain","vertical_m":103,"website":"https://www.crystalmountain.com"}},{"type":"Feature","geometry":{"type":"Point","coordinates":[-81.5534,41.2836]},"properties":{"name":"Brandywine Ski Resort","vertical_m":54,"website":"https://www.bmbw.com/"}},{"type":"Feature","geometry":{"type":"Point","coordinates":[-74.1757,43.9601]},"properties":{"name":"Newcomb Ski Slope","vertical_m":43,"website":"https://www.newcombny.gov/home/public-facilities/"}},{"type":"Feature","geometry":{"type":"Point","coordinates":[-70.9715,45.7064]},"properties":{"name":"FQME - Station Mont Ste-C\u00e9cile","vertical_m":307,"website":null}},{"type":"Feature","geometry":{"type":"Point","coordinates":[-72.7889,43.6113]},"properties":{"name":"Killington Resort","vertical_m":907,"website":"https://www.killington.com/"}},{"type":"Feature","geometry":{"type":"Point","coordinates":[-121.8806,44.4042]},"properties":{"name":"Hoodoo Ski Area","vertical_m":301,"website":"https://skihoodoo.com/"}},{"type":"Feature","geometry":{"type":"Point","coordinates":[-108.154,39.0612]},"properties":{"name":"Powderhorn","vertical_m":503,"website":"https://www.powderhorn.com/"}},{"type":"Feature","geometry":{"type":"Point","coordinates":[-119.5896,55.5058]},"properties":{"name":"Spring Lake","vertical_m":58,"website":"https://springlakehill.com/"}},{"type":"Feature","geometry":{"type":"Point","coordinates":[-81.34,42.943]},"properties":{"name":"Boler Mountain (London Ski Club)","vertical_m":62,"website":"https://www.bolermountain.com/"}},{"type":"Feature","geometry":{"type":"Point","coordinates":[-93.2855,44.7237]},"properties":{"name":"Buck Hill","vertical_m":77,"website":"https://buckhill.com/"}},{"type":"Feature","geometry":{"type":"Point","coordinates":[-79.5492,39.8149]},"properties":{"name":"Mystic Mountain Ski Area","vertical_m":87,"website":null}},{"type":"Feature","geometry":{"type":"Point","coordinates":[-106.87,39.1926]},"properties":{"name":"Buttermilk","vertical_m":610,"website":"https://www.aspensnowmass.com/four-mountains/buttermilk"}},{"type":"Feature","geometry":{"type":"Point","coordinates":[-88.5594,47.1303]},"properties":{"name":"Mont Ripley Ski Area","vertical_m":131,"website":null}},{"type":"Feature","geometry":{"type":"Point","coordinates":[-114.41,62.4626]},"properties":{"name":"Bristol Pit","vertical_m":5,"website":"https://www.nwtsnowboard.ca/clubs/ragged-riders/"}},{"type":"Feature","geometry":{"type":"Point","coordinates":[-68.3851,47.4107]},"properties":{"name":"Mont Farlagne","vertical_m":179,"website":"https://montfarlagne.com"}},{"type":"Feature","geometry":{"type":"Point","coordinates":[-71.1052,45.3114]},"properties":{"name":"Ski Eldorado - Secteur 10e Rang","vertical_m":126,"website":null}},{"type":"Feature","geometry":{"type":"Point","coordinates":[-73.2591,46.4766]},"properties":{"name":"St-Alex-Ski","vertical_m":165,"website":null}},{"type":"Feature","geometry":{"type":"Point","coordinates":[-77.8561,42.4729]},"properties":{"name":"Swain Ski & Snowboard Resort","vertical_m":166,"website":"https://www.swain.com/"}},{"type":"Feature","geometry":{"type":"Point","coordinates":[-117.9891,49.2264]},"properties":{"name":"Paulson X-C (Castlegar Nordic)","vertical_m":247,"website":"https://www.castlegarnordic.ca/"}},{"type":"Feature","geometry":{"type":"Point","coordinates":[-71.4996,43.9585]},"properties":{"name":"Waterville Valley Resort Nordic","vertical_m":177,"website":"https://www.waterville.com/"}},{"type":"Feature","geometry":{"type":"Point","coordinates":[-113.4695,54.31]},"properties":{"name":"Tawaitnaw Cross Country Ski Trails","vertical_m":67,"website":"https://tawatinawvalley.ca/"}},{"type":"Feature","geometry":{"type":"Point","coordinates":[-105.9107,39.6783]},"properties":{"name":"Loveland Basin Ski Area","vertical_m":548,"website":"https://www.skiloveland.com/"}},{"type":"Feature","geometry":{"type":"Point","coordinates":[-81.8672,36.1273]},"properties":{"name":"Sugar Mountain Resort","vertical_m":357,"website":"https://skisugar.com/"}},{"type":"Feature","geometry":{"type":"Point","coordinates":[-105.7997,33.3926]},"properties":{"name":"Ski Apache","vertical_m":547,"website":"https://www.skiapache.com/"}},{"type":"Feature","geometry":{"type":"Point","coordinates":[-71.0572,42.743]},"properties":{"name":"Ski Bradford","vertical_m":66,"website":"https://skibradford.com/"}},{"type":"Feature","geometry":{"type":"Point","coordinates":[-88.3883,42.6106]},"properties":{"name":"The Mountain Top at Grand Geneva Resort & Spa","vertical_m":37,"website":"https://www.grandgeneva.com/ski-snow-sports"}},{"type":"Feature","geometry":{"type":"Point","coordinates":[-121.9406,49.3851]},"properties":{"name":"Sasquatch Mountain Resort","vertical_m":341,"website":"https://sasquatchmountain.ca/"}},{"type":"Feature","geometry":{"type":"Point","coordinates":[-71.53,41.5169]},"properties":{"name":"Yawgoo Valley Ski Area","vertical_m":null,"website":"https://www.yawgoo.com"}},{"type":"Feature","geometry":{"type":"Point","coordinates":[-111.6041,40.6127]},"properties":{"name":"Solitude Mountain Resort","vertical_m":612,"website":"https://solitudemountain.com/"}},{"type":"Feature","geometry":{"type":"Point","coordinates":[-71.9836,44.5322]},"properties":{"name":"Lyndon Outing Club","vertical_m":121,"website":"https://www.skilyndon.com/"}},{"type":"Feature","geometry":{"type":"Point","coordinates":[-77.2902,41.5163]},"properties":{"name":"Ski Sawmill Family Resort","vertical_m":109,"website":"https://skisawmill.com/"}},{"type":"Feature","geometry":{"type":"Point","coordinates":[-72.7647,43.1958]},"properties":{"name":"Magic Mountain Ski Area","vertical_m":450,"website":"https://www.magicmtn.com"}},{"type":"Feature","geometry":{"type":"Point","coordinates":[-118.5593,35.7098]},"properties":{"name":"Alta Sierra Ski Resort","vertical_m":117,"website":"https://www.instagram.com/altasierraski/"}},{"type":"Feature","geometry":{"type":"Point","coordinates":[-74.0158,41.6907]},"properties":{"name":"Rocking Horse Ranch","vertical_m":21,"website":"https://www.rockinghorseranch.com/"}},{"type":"Feature","geometry":{"type":"Point","coordinates":[-73.3322,45.5557]},"properties":{"name":"Ski Saint-Bruno","vertical_m":135,"website":"https://skisaintbruno.ca/"}},{"type":"Feature","geometry":{"type":"Point","coordinates":[-90.1656,46.4753]},"properties":{"name":"Mount Zion Ski Area","vertical_m":89,"website":null}},{"type":"Feature","geometry":{"type":"Point","coordinates":[-90.4033,46.4041]},"properties":{"name":"Whitecap Mountain","vertical_m":100,"website":"https://whitecapresort.com/"}},{"type":"Feature","geometry":{"type":"Point","coordinates":[-74.2142,46.3397]},"properties":{"name":"Ski Garceau","vertical_m":253,"website":"https://skigarceau.com/"}},{"type":"Feature","geometry":{"type":"Point","coordinates":[-70.8155,44.0526]},"properties":{"name":"Pleasant Mountain","vertical_m":378,"website":"https://www.pleasantmountain.com"}},{"type":"Feature","geometry":{"type":"Point","coordinates":[-111.4841,40.615]},"properties":{"name":"Deer Valley Resort","vertical_m":945,"website":"https://www.deervalley.com/"}},{"type":"Feature","geometry":{"type":"Point","coordinates":[-85.9663,44.9183]},"properties":{"name":"The Homestead","vertical_m":61,"website":"https://www.thehomesteadresort.com/"}},{"type":"Feature","geometry":{"type":"Point","coordinates":[-74.5561,46.2165]},"properties":{"name":"Mont Tremblant Resort, Station Mont Tremblant","vertical_m":616,"website":"https://www.tremblant.ca"}},{"type":"Feature","geometry":{"type":"Point","coordinates":[-107.5034,39.466]},"properties":{"name":"Ski Stout","vertical_m":null,"website":"https://www.skistout.com/"}},{"type":"Feature","geometry":{"type":"Point","coordinates":[-74.6081,41.6252]},"properties":{"name":"Holiday Mountain","vertical_m":113,"website":"https://skiholidaymtn.com/"}},{"type":"Feature","geometry":{"type":"Point","coordinates":[-68.1716,49.2893]},"properties":{"name":"Mont Ti-Basse","vertical_m":117,"website":"https://www.monttibasse.com/"}},{"type":"Feature","geometry":{"type":"Point","coordinates":[-95.2087,43.2991]},"properties":{"name":"Horseshoe Bend","vertical_m":null,"website":"https://dickinsoncountyconservationboard.com/horseshoe-bend-tubing-hill/"}},{"type":"Feature","geometry":{"type":"Point","coordinates":[-114.3895,43.6632]},"properties":{"name":"Sun Valley - Bald Mountain","vertical_m":1025,"website":"https://www.sunvalley.com/"}},{"type":"Feature","geometry":{"type":"Point","coordinates":[-119.0205,37.6402]},"properties":{"name":"Mammoth Mountain","vertical_m":903,"website":"https://www.mammothmountain.com/"}},{"type":"Feature","geometry":{"type":"Point","coordinates":[-88.0181,47.4537]},"properties":{"name":"Voodoo Mountain","vertical_m":null,"website":null}},{"type":"Feature","geometry":{"type":"Point","coordinates":[-93.45,47.2837]},"properties":{"name":"Mount Itasca","vertical_m":54,"website":"https://www.mtitasca.com/"}},{"type":"Feature","geometry":{"type":"Point","coordinates":[-70.3158,45.049]},"properties":{"name":"Sugarloaf","vertical_m":843,"website":"https://www.sugarloaf.com/"}},{"type":"Feature","geometry":{"type":"Point","coordinates":[-72.2807,43.7286]},"properties":{"name":"Grill Hill","vertical_m":25,"website":"https://www.newenglandskihistory.com/Vermont/grillhill.php"}},{"type":"Feature","geometry":{"type":"Point","coordinates":[-71.3948,47.0303]},"properties":{"name":"Station touristique Stoneham","vertical_m":344,"website":"https://www.ski-stoneham.com"}},{"type":"Feature","geometry":{"type":"Point","coordinates":[-120.6045,49.4989]},"properties":{"name":"China Ridge Trails","vertical_m":103,"website":"https://www.chinaridgetrails.com/"}},{"type":"Feature","geometry":{"type":"Point","coordinates":[-111.6981,35.3301]},"properties":{"name":"Arizona Snowbowl","vertical_m":718,"website":"http://www.arizonasnowbowl.com/"}},{"type":"Feature","geometry":{"type":"Point","coordinates":[-84.7533,44.6455]},"properties":{"name":"Hanson Hills","vertical_m":null,"website":null}},{"type":"Feature","geometry":{"type":"Point","coordinates":[-72.2523,43.6331]},"properties":{"name":"Storrs Hill Ski Area","vertical_m":90,"website":"https://skistorrshill.com/"}},{"type":"Feature","geometry":{"type":"Point","coordinates":[-149.0893,60.9623]},"properties":{"name":"Alyeska Resort","vertical_m":757,"website":"https://www.alyeskaresort.com/"}},{"type":"Feature","geometry":{"type":"Point","coordinates":[-113.9672,52.036]},"properties":{"name":"Innisfail","vertical_m":25,"website":"https://www.facebook.com/iskihill/"}},{"type":"Feature","geometry":{"type":"Point","coordinates":[-82.5027,40.6708]},"properties":{"name":"Snow Trails","vertical_m":71,"website":"https://www.snowtrails.com"}},{"type":"Feature","geometry":{"type":"Point","coordinates":[-78.558,40.2938]},"properties":{"name":"Blue Knob","vertical_m":307,"website":"https://www.blueknob.com/"}},{"type":"Feature","geometry":{"type":"Point","coordinates":[-78.7461,42.7225]},"properties":{"name":"Chestnut Ridge","vertical_m":17,"website":"https://www3.erie.gov/parks/chestnut-ridge-winter-activities"}},{"type":"Feature","geometry":{"type":"Point","coordinates":[-108.6054,52.8122]},"properties":{"name":"Table Mountain Regional Park","vertical_m":104,"website":"https://www.tablemountainregionalpark.com/"}},{"type":"Feature","geometry":{"type":"Point","coordinates":[-73.2158,42.6324]},"properties":{"name":"Mount Greylock Ski Club","vertical_m":98,"website":"http://www.mtgreylockskiclub.com/"}},{"type":"Feature","geometry":{"type":"Point","coordinates":[-77.8081,48.0851]},"properties":{"name":"Val d'Or","vertical_m":28,"website":"https://www.facebook.com/Pente-de-ski-alpin-de-Val-dOr-301319489898267/?hc_ref=PAGES_TIMELINE"}},{"type":"Feature","geometry":{"type":"Point","coordinates":[-119.9138,38.9406]},"properties":{"name":"Heavenly Ski Resort","vertical_m":null,"website":"https://www.skiheavenly.com/"}},{"type":"Feature","geometry":{"type":"Point","coordinates":[-104.4571,53.2341]},"properties":{"name":"Wapiti Valley","vertical_m":82,"website":"https://www.skiwapiti.com/"}},{"type":"Feature","geometry":{"type":"Point","coordinates":[-79.432,46.3352]},"properties":{"name":"Laurentian Ski Hill","vertical_m":97,"website":"https://www.laurentianskihill.com/"}},{"type":"Feature","geometry":{"type":"Point","coordinates":[-91.801,45.0617]},"properties":{"name":"WoodWind Park","vertical_m":59,"website":"https://woodwindpark.com/#Home-1"}},{"type":"Feature","geometry":{"type":"Point","coordinates":[-72.3319,43.3618]},"properties":{"name":"Arrowhead Recreation Area","vertical_m":42,"website":"https://www.arrowheadnh.com/index.php"}},{"type":"Feature","geometry":{"type":"Point","coordinates":[-72.5859,42.8466]},"properties":{"name":"Brattleboro Ski Hill","vertical_m":49,"website":"https://www.brattski.org/"}},{"type":"Feature","geometry":{"type":"Point","coordinates":[-106.5061,39.5721]},"properties":{"name":"Red Buffalo Park","vertical_m":246,"website":null}},{"type":"Feature","geometry":{"type":"Point","coordinates":[-122.9449,49.3711]},"properties":{"name":"Mt Seymour","vertical_m":321,"website":"https://www.mountseymour.com/"}},{"type":"Feature","geometry":{"type":"Point","coordinates":[-85.7181,44.2417]},"properties":{"name":"Caberfae Peaks","vertical_m":108,"website":"https://caberfaepeaks.com"}},{"type":"Feature","geometry":{"type":"Point","coordinates":[-60.4275,45.9699]},"properties":{"name":"Ben Eoin","vertical_m":146,"website":"https://www.skibeneoin.com/"}},{"type":"Feature","geometry":{"type":"Point","coordinates":[-72.2954,45.0717]},"properties":{"name":"Owl's Head","vertical_m":475,"website":"https://www.owlshead.com"}},{"type":"Feature","geometry":{"type":"Point","coordinates":[-105.4088,36.6987]},"properties":{"name":"Red River Ski Area","vertical_m":497,"website":"https://www.redriverskiarea.com/"}},{"type":"Feature","geometry":{"type":"Point","coordinates":[-123.4943,47.9723]},"properties":{"name":"Hurricane Ridge","vertical_m":175,"website":"https://hurricaneridge.com/"}},{"type":"Feature","geometry":{"type":"Point","coordinates":[-117.1928,55.4658]},"properties":{"name":"Little Smoky Ski Area","vertical_m":75,"website":"https://www.littlesmokyski.ca/"}},{"type":"Feature","geometry":{"type":"Point","coordinates":[-71.2972,46.9348]},"properties":{"name":"Centre de Ski Le Relais","vertical_m":221,"website":"https://www.skirelais.com"}},{"type":"Feature","geometry":{"type":"Point","coordinates":[-107.8468,37.9212]},"properties":{"name":"Telluride Ski Area","vertical_m":1150,"website":"https://tellurideskiresort.com"}},{"type":"Feature","geometry":{"type":"Point","coordinates":[-105.8,35.7924]},"properties":{"name":"Terrain Park","vertical_m":null,"website":null}},{"type":"Feature","geometry":{"type":"Point","coordinates":[-93.9547,42.0296]},"properties":{"name":"Seven Oaks","vertical_m":54,"website":"https://sevenoaksrec.com"}},{"type":"Feature","geometry":{"type":"Point","coordinates":[-85.6037,34.5381]},"properties":{"name":"Cloudmont Ski Resort","vertical_m":null,"website":"https://www.facebook.com/cloudmont/"}},{"type":"Feature","geometry":{"type":"Point","coordinates":[-79.7489,40.4601]},"properties":{"name":"Boyce Park Ski Area","vertical_m":48,"website":null}},{"type":"Feature","geometry":{"type":"Point","coordinates":[-120.0515,38.4833]},"properties":{"name":"Bear Valley","vertical_m":559,"website":"https://www.bearvalley.com/"}},{"type":"Feature","geometry":{"type":"Point","coordinates":[-107.6619,37.8802]},"properties":{"name":"Silverton Mountain","vertical_m":202,"website":"https://www.silvertonmountain.com/page/home"}},{"type":"Feature","geometry":{"type":"Point","coordinates":[-113.2522,46.2639]},"properties":{"name":"Discovery Ski Area","vertical_m":743,"website":"https://www.skidiscovery.com/"}},{"type":"Feature","geometry":{"type":"Point","coordinates":[-106.3128,39.3511]},"properties":{"name":"Tennessee Pass","vertical_m":218,"website":"https://www.tennesseepass.com/nordic-center/xc-skiing/"}},{"type":"Feature","geometry":{"type":"Point","coordinates":[-118.6064,55.9945]},"properties":{"name":"Fairview Ski Hill","vertical_m":152,"website":"https://www.skifairview.com/"}},{"type":"Feature","geometry":{"type":"Point","coordinates":[-111.5524,41.9732]},"properties":{"name":"Beaver Mountain","vertical_m":490,"website":"https://www.skithebeav.com/"}},{"type":"Feature","geometry":{"type":"Point","coordinates":[-106.4421,35.2018]},"properties":{"name":"Sandia Peak Ski Area","vertical_m":487,"website":"https://www.sandia.ski/"}},{"type":"Feature","geometry":{"type":"Point","coordinates":[-79.5737,47.3613]},"properties":{"name":"Tri Town Ski and Snowboard Village","vertical_m":98,"website":"https://tritownskivillage.ca/"}},{"type":"Feature","geometry":{"type":"Point","coordinates":[-90.089,46.6001]},"properties":{"name":"Copper Peak Ski Jump Park","vertical_m":103,"website":"https://copperpeak.net/"}},{"type":"Feature","geometry":{"type":"Point","coordinates":[-110.783,32.4449]},"properties":{"name":"Mount Lemmon Ski Valley","vertical_m":233,"website":"https://www.skithelemmon.com/"}},{"type":"Feature","geometry":{"type":"Point","coordinates":[-107.3394,39.3916]},"properties":{"name":"Sunlight Mountain Resort","vertical_m":522,"website":"https://sunlightmtn.com/"}},{"type":"Feature","geometry":{"type":"Point","coordinates":[-103.8276,44.3055]},"properties":{"name":"Ski Mystic Deer Mountain","vertical_m":186,"website":"https://deermountainvillage.com/the-mountain/"}},{"type":"Feature","geometry":{"type":"Point","coordinates":[-110.7587,43.4657]},"properties":{"name":"Snow King Mountain","vertical_m":514,"website":"https://snowkingmountain.com/"}},{"type":"Feature","geometry":{"type":"Point","coordinates":[-109.4315,40.479]},"properties":{"name":"Buckskin Hills Ski + Tubing Hill","vertical_m":33,"website":"https://www.buckskinhills.com/skiandtubinghill"}},{"type":"Feature","geometry":{"type":"Point","coordinates":[-74.155,45.9193]},"properties":{"name":"Ski Mont Gabriel","vertical_m":160,"website":"http://www.skimontgabriel.com/"}},{"type":"Feature","geometry":{"type":"Point","coordinates":[-79.1693,40.1669]},"properties":{"name":"Laurel Mountain Ski Resort","vertical_m":232,"website":"https://www.laurelmountainski.com/"}},{"type":"Feature","geometry":{"type":"Point","coordinates":[-91.384,45.507]},"properties":{"name":"Christie Mountain Ski Area","vertical_m":104,"website":"https://www.christiemountain.com/"}},{"type":"Feature","geometry":{"type":"Point","coordinates":[-70.1715,44.648]},"properties":{"name":"Titcomb Mountain","vertical_m":91,"website":"https://www.titcombmountain.com/"}},{"type":"Feature","geometry":{"type":"Point","coordinates":[-77.4839,42.6427]},"properties":{"name":"Hunt Hollow Ski Club","vertical_m":247,"website":"https://www.hunthollow.com/"}},{"type":"Feature","geometry":{"type":"Point","coordinates":[-84.6523,45.0373]},"properties":{"name":"Otsego Club","vertical_m":97,"website":"https://otsegoclub.com/"}},{"type":"Feature","geometry":{"type":"Point","coordinates":[-79.4344,44.2893]},"properties":{"name":"ROC","vertical_m":27,"website":"https://www.georgina.ca/discover-georgina/attractions/roc-recreational-outdoor-campus"}},{"type":"Feature","geometry":{"type":"Point","coordinates":[-109.3533,45.1897]},"properties":{"name":"Red Lodge Mountain","vertical_m":697,"website":"https://www.redlodgemountain.com/"}},{"type":"Feature","geometry":{"type":"Point","coordinates":[-113.4749,53.5338]},"properties":{"name":"Edmonton Ski Club","vertical_m":36,"website":"https://www.edmontonskiclub.com"}},{"type":"Feature","geometry":{"type":"Point","coordinates":[-116.1325,51.4546]},"properties":{"name":"Lake Louise Ski Area","vertical_m":995,"website":"https://www.skilouise.com/"}},{"type":"Feature","geometry":{"type":"Point","coordinates":[-73.2847,42.5493]},"properties":{"name":"Jiminy Peak Resort","vertical_m":341,"website":"https://www.jiminypeak.com/"}},{"type":"Feature","geometry":{"type":"Point","coordinates":[-80.0477,43.9753]},"properties":{"name":"Hockley Valley Resort","vertical_m":67,"website":"https://www.hockley.com/"}},{"type":"Feature","geometry":{"type":"Point","coordinates":[-110.2695,49.6536]},"properties":{"name":"Hidden Valley Ski Resort","vertical_m":165,"website":"https://albertaparks.ca/hiddenvalley"}},{"type":"Feature","geometry":{"type":"Point","coordinates":[-106.9436,38.8988]},"properties":{"name":"Crested Butte Mountain Resort","vertical_m":706,"website":"https://www.skicb.com/"}},{"type":"Feature","geometry":{"type":"Point","coordinates":[-66.9593,47.9725]},"properties":{"name":"Petit Chamonix","vertical_m":102,"website":"https://www.petitchamonix.com/en/"}},{"type":"Feature","geometry":{"type":"Point","coordinates":[-70.3857,48.1574]},"properties":{"name":"Ski Saguenay","vertical_m":403,"website":null}},{"type":"Feature","geometry":{"type":"Point","coordinates":[-115.2087,50.8261]},"properties":{"name":"Fortress Mountain Resort","vertical_m":333,"website":"https://www.skifortress.com/"}},{"type":"Feature","geometry":{"type":"Point","coordinates":[-68.6006,47.2384]},"properties":{"name":"Fort Kent Outdoor Center","vertical_m":140,"website":"https://www.fortkentoc.org/"}},{"type":"Feature","geometry":{"type":"Point","coordinates":[-87.7237,46.4628]},"properties":{"name":"Stoneville Hill","vertical_m":null,"website":"https://stonevillehill.setmore.com/"}},{"type":"Feature","geometry":{"type":"Point","coordinates":[-113.5588,53.484]},"properties":{"name":"Snow Valley Ski Club","vertical_m":42,"website":"https://www.snowvalley.ca/"}},{"type":"Feature","geometry":{"type":"Point","coordinates":[-72.1831,43.5977]},"properties":{"name":"Whaleback Mountain","vertical_m":197,"website":"https://www.whaleback.com/"}},{"type":"Feature","geometry":{"type":"Point","coordinates":[-105.1308,37.3436]},"properties":{"name":"Cuchara Mountain Resort","vertical_m":80,"website":"https://cucharamountainpark.org"}},{"type":"Feature","geometry":{"type":"Point","coordinates":[-96.3039,44.2642]},"properties":{"name":"Hole in the Mountain","vertical_m":null,"website":null}},{"type":"Feature","geometry":{"type":"Point","coordinates":[-120.843,49.0811]},"properties":{"name":"Manning Park Resort","vertical_m":430,"website":"https://www.manningpark.com/"}},{"type":"Feature","geometry":{"type":"Point","coordinates":[-119.0452,50.3689]},"properties":{"name":"Silver Star Mountain Resort","vertical_m":740,"website":"https://www.skisilverstar.com/"}},{"type":"Feature","geometry":{"type":"Point","coordinates":[-105.3876,39.541]},"properties":{"name":"Black Mountain (formerly Evergreen Basin, now private)","vertical_m":391,"website":null}},{"type":"Feature","geometry":{"type":"Point","coordinates":[-106.2888,39.3544]},"properties":{"name":"Ski Cooper","vertical_m":353,"website":"https://www.skicooper.com/"}},{"type":"Feature","geometry":{"type":"Point","coordinates":[-73.4773,42.1657]},"properties":{"name":"Catamount Mountain Resort","vertical_m":293,"website":"https://www.catamountski.com/"}},{"type":"Feature","geometry":{"type":"Point","coordinates":[-106.3427,38.5122]},"properties":{"name":"Monarch Mountain","vertical_m":338,"website":"https://skimonarch.com/"}},{"type":"Feature","geometry":{"type":"Point","coordinates":[-111.3296,39.6626]},"properties":{"name":"Snowland","vertical_m":null,"website":"https://snowlandutah.weebly.com/"}},{"type":"Feature","geometry":{"type":"Point","coordinates":[-78.4848,45.1279]},"properties":{"name":"Sir Sam's","vertical_m":81,"website":"https://www.sirsams.ca/"}},{"type":"Feature","geometry":{"type":"Point","coordinates":[-81.5659,41.2637]},"properties":{"name":"Boston Mills Ski Resort","vertical_m":62,"website":"https://www.bmbw.com/"}},{"type":"Feature","geometry":{"type":"Point","coordinates":[-78.5907,42.716]},"properties":{"name":"Emery Park","vertical_m":35,"website":"https://www2.erie.gov/parks/index.php?q=emery-park"}},{"type":"Feature","geometry":{"type":"Point","coordinates":[-71.1172,42.2152]},"properties":{"name":"Blue Hills Ski Area","vertical_m":94,"website":"https://www.bluehillsboston.com/"}},{"type":"Feature","geometry":{"type":"Point","coordinates":[-85.5149,44.7415]},"properties":{"name":"Mt. Holiday","vertical_m":61,"website":"https://mt-holiday.com/"}},{"type":"Feature","geometry":{"type":"Point","coordinates":[-78.6862,42.2697]},"properties":{"name":"Holimont","vertical_m":204,"website":"https://holimont.com/"}},{"type":"Feature","geometry":{"type":"Point","coordinates":[-89.6287,43.4226]},"properties":{"name":"Devil's Head Ski Area","vertical_m":151,"website":"https://www.devilsheadresort.com/"}},{"type":"Feature","geometry":{"type":"Point","coordinates":[-121.3198,47.2781]},"properties":{"name":"Meany Lodge","vertical_m":138,"website":"https://www.mountaineers.org/locations-lodges/meany-lodge"}},{"type":"Feature","geometry":{"type":"Point","coordinates":[-122.1973,41.3329]},"properties":{"name":"Mt. Shasta Ski Park","vertical_m":631,"website":"https://www.skipark.com/"}},{"type":"Feature","geometry":{"type":"Point","coordinates":[-70.8959,48.6488]},"properties":{"name":"Le Valinouet","vertical_m":354,"website":"https://www.valinouet.qc.ca/"}},{"type":"Feature","geometry":{"type":"Point","coordinates":[-108.0574,37.2968]},"properties":{"name":"Hesperus Ski Area","vertical_m":190,"website":"https://www.ski-hesperus.com/"}},{"type":"Feature","geometry":{"type":"Point","coordinates":[-92.6197,45.3495]},"properties":{"name":"Trollhaugen Ski Area","vertical_m":71,"website":"https://www.trollhaugen.com/"}},{"type":"Feature","geometry":{"type":"Point","coordinates":[-80.3532,44.5213]},"properties":{"name":"Alpine Ski Club","vertical_m":212,"website":"https://www.alpineskiclub.com/"}},{"type":"Feature","geometry":{"type":"Point","coordinates":[-79.3948,39.0374]},"properties":{"name":"Timberline Mountain","vertical_m":296,"website":"https://timberlinemountain.com"}},{"type":"Feature","geometry":{"type":"Point","coordinates":[-112.847,37.6911]},"properties":{"name":"Brian Head Resort","vertical_m":396,"website":"https://www.brianhead.com"}},{"type":"Feature","geometry":{"type":"Point","coordinates":[-74.1981,41.0591]},"properties":{"name":"Campgaw Mountain Ski Area","vertical_m":74,"website":"https://www.skicampgaw.com/"}},{"type":"Feature","geometry":{"type":"Point","coordinates":[-94.0364,44.1302]},"properties":{"name":"Mount Kato Ski Area","vertical_m":68,"website":"https://mountkato.com/"}},{"type":"Feature","geometry":{"type":"Point","coordinates":[-90.9121,46.783]},"properties":{"name":"Mount Ashwabay","vertical_m":166,"website":"https://www.mtashwabay.org/"}},{"type":"Feature","geometry":{"type":"Point","coordinates":[-79.5894,43.6556]},"properties":{"name":"Centennial Park","vertical_m":26,"website":"https://www.toronto.ca/parks/recreation_facilities/skiing/centennialski.htm"}},{"type":"Feature","geometry":{"type":"Point","coordinates":[-120.4487,39.3128]},"properties":{"name":"Kingvale","vertical_m":null,"website":"https://www.snowschoolers.com/kingvale"}},{"type":"Feature","geometry":{"type":"Point","coordinates":[-75.8645,45.9384]},"properties":{"name":"Mont Ste. Marie","vertical_m":324,"website":"https://montstemarie.com/"}},{"type":"Feature","geometry":{"type":"Point","coordinates":[-95.8634,41.3936]},"properties":{"name":"Crescent Hill","vertical_m":70,"website":"https://explorecrescenthill.com/"}},{"type":"Feature","geometry":{"type":"Point","coordinates":[-116.1327,47.5131]},"properties":{"name":"Silver Mountain Resort","vertical_m":632,"website":"https://www.silvermt.com/"}},{"type":"Feature","geometry":{"type":"Point","coordinates":[-121.6665,48.8552]},"properties":{"name":"Mt Baker","vertical_m":450,"website":"https://www.mtbaker.us/"}},{"type":"Feature","geometry":{"type":"Point","coordinates":[-74.033,42.8157]},"properties":{"name":"Maple Ski Ridge","vertical_m":83,"website":"https://www.mapleskiridge.com/"}},{"type":"Feature","geometry":{"type":"Point","coordinates":[-84.8868,39.1456]},"properties":{"name":"Perfect North Slopes","vertical_m":114,"website":"https://www.perfectnorth.com/"}},{"type":"Feature","geometry":{"type":"Point","coordinates":[-90.7474,41.4247]},"properties":{"name":"Ski Snowstar","vertical_m":58,"website":"https://www.skisnowstar.com/"}},{"type":"Feature","geometry":{"type":"Point","coordinates":[-119.1547,50.7217]},"properties":{"name":"Larch Hills Nordic Ski Trails","vertical_m":719,"website":"https://skilarchhills.ca/"}},{"type":"Feature","geometry":{"type":"Point","coordinates":[-92.3138,47.5712]},"properties":{"name":"Giants Ridge Resort","vertical_m":131,"website":"https://www.giantsridge.com/"}},{"type":"Feature","geometry":{"type":"Point","coordinates":[-123.0787,55.3398]},"properties":{"name":"Little Mac","vertical_m":43,"website":null}},{"type":"Feature","geometry":{"type":"Point","coordinates":[-106.341,42.7469]},"properties":{"name":"Hogadon Basin Ski Area","vertical_m":178,"website":"https://www.hogadon.net/"}},{"type":"Feature","geometry":{"type":"Point","coordinates":[-71.6676,46.2273]},"properties":{"name":"Mont Apic","vertical_m":87,"website":"https://www.montapic.com/"}},{"type":"Feature","geometry":{"type":"Point","coordinates":[-107.6237,38.2967]},"properties":{"name":"Cimarron Mountain Club","vertical_m":470,"website":"https://cimarronmountainclub.com/"}},{"type":"Feature","geometry":{"type":"Point","coordinates":[-117.8419,49.1054]},"properties":{"name":"Red Mountain Resort","vertical_m":882,"website":"https://www.redresort.com/"}},{"type":"Feature","geometry":{"type":"Point","coordinates":[-88.5563,46.5435]},"properties":{"name":"Covington Ski Hill","vertical_m":34,"website":"https://www.covingtonmichigan.org/ski-hillmp-bldg.html"}},{"type":"Feature","geometry":{"type":"Point","coordinates":[-117.1135,45.2784]},"properties":{"name":"Ferguson Ridge Ski Area","vertical_m":192,"website":"https://www.skifergi.com/"}},{"type":"Feature","geometry":{"type":"Point","coordinates":[-70.2844,44.1397]},"properties":{"name":"Lost Valley Ski Area","vertical_m":71,"website":"https://www.lostvalleyski.com/"}},{"type":"Feature","geometry":{"type":"Point","coordinates":[-112.1528,42.7721]},"properties":{"name":"Pebble Creek","vertical_m":649,"website":"https://www.pebblecreekskiarea.com/"}},{"type":"Feature","geometry":{"type":"Point","coordinates":[-84.942,45.479]},"properties":{"name":"Boyne Highlands Resort","vertical_m":160,"website":"https://www.boynehighlands.com"}},{"type":"Feature","geometry":{"type":"Point","coordinates":[-71.4542,46.9054]},"properties":{"name":"Mont Brillant","vertical_m":258,"website":null}},{"type":"Feature","geometry":{"type":"Point","coordinates":[-75.5599,41.1423]},"properties":{"name":"Locust Lake Village Ski Hill","vertical_m":41,"website":"https://locustlakevillage.org/ski-slope/"}},{"type":"Feature","geometry":{"type":"Point","coordinates":[-117.6863,34.3721]},"properties":{"name":"Mountain High","vertical_m":486,"website":"https://www.mthigh.com/"}},{"type":"Feature","geometry":{"type":"Point","coordinates":[-75.6015,41.0473]},"properties":{"name":"Big Boulder Ski Resort Area","vertical_m":113,"website":"https://jfbb.com/"}},{"type":"Feature","geometry":{"type":"Point","coordinates":[-90.2199,45.3582]},"properties":{"name":"Forest Springs","vertical_m":42,"website":"https://forestsprings.us/"}},{"type":"Feature","geometry":{"type":"Point","coordinates":[-73.8801,44.3621]},"properties":{"name":"Whiteface Mountain Ski Center","vertical_m":961,"website":"https://www.whiteface.com/"}},{"type":"Feature","geometry":{"type":"Point","coordinates":[-98.6955,49.2352]},"properties":{"name":"Holiday Mountain","vertical_m":69,"website":"https://www.holidaymountain.ca/"}},{"type":"Feature","geometry":{"type":"Point","coordinates":[-121.3942,46.6215]},"properties":{"name":"White Pass Ski Area","vertical_m":620,"website":"https://www.skiwhitepass.com"}},{"type":"Feature","geometry":{"type":"Point","coordinates":[-73.7408,43.6318]},"properties":{"name":"Ridin-Hy","vertical_m":45,"website":"https://www.ridinhy.com/"}},{"type":"Feature","geometry":{"type":"Point","coordinates":[-76.335,42.915]},"properties":{"name":"Skaneateles Ski Club","vertical_m":93,"website":"https://www.skiskan.com/"}},{"type":"Feature","geometry":{"type":"Point","coordinates":[-71.6627,44.0537]},"properties":{"name":"Kanc Recreation Area","vertical_m":74,"website":"https://www.lincolnnh.org/recreation"}},{"type":"Feature","geometry":{"type":"Point","coordinates":[-81.7744,46.2389]},"properties":{"name":"Boogie Mountain","vertical_m":56,"website":"https://www.boogiemountain.com/"}},{"type":"Feature","geometry":{"type":"Point","coordinates":[-73.7899,43.3772]},"properties":{"name":"Double H Ranch (Hidden Valley)","vertical_m":29,"website":"https://www.doublehranch.org/"}},{"type":"Feature","geometry":{"type":"Point","coordinates":[-116.3964,43.686]},"properties":{"name":"Gateway Parks","vertical_m":null,"website":"https://www.gatewayparks.com/"}},{"type":"Feature","geometry":{"type":"Point","coordinates":[-73.8749,46.2757]},"properties":{"name":"Station touristique Val Saint-C\u00f4me","vertical_m":262,"website":"https://www.valsaintcome.com/"}},{"type":"Feature","geometry":{"type":"Point","coordinates":[-80.057,44.1987]},"properties":{"name":"Mansfield Ski Club","vertical_m":119,"website":"https://www.mansfieldskiclub.com/"}},{"type":"Feature","geometry":{"type":"Point","coordinates":[-121.6852,43.9915]},"properties":{"name":"Mt. Bachelor","vertical_m":986,"website":"https://www.mtbachelor.com/"}},{"type":"Feature","geometry":{"type":"Point","coordinates":[-105.8793,39.6816]},"properties":{"name":"Loveland Valley Ski Area","vertical_m":248,"website":null}},{"type":"Feature","geometry":{"type":"Point","coordinates":[-74.7545,45.0245]},"properties":{"name":"Big Ben","vertical_m":null,"website":"https://www.cornwall.ca/en/recreation/bigben.asp"}},{"type":"Feature","geometry":{"type":"Point","coordinates":[-92.7303,44.5549]},"properties":{"name":"Welch Village","vertical_m":98,"website":"https://www.welchvillage.com"}},{"type":"Feature","geometry":{"type":"Point","coordinates":[-111.7636,41.3839]},"properties":{"name":"Powder Mountain Ski Resort","vertical_m":722,"website":"https://powdermountain.com/"}},{"type":"Feature","geometry":{"type":"Point","coordinates":[-72.5123,44.9356]},"properties":{"name":"Jay Peak Resort","vertical_m":605,"website":"https://jaypeakresort.com/"}},{"type":"Feature","geometry":{"type":"Point","coordinates":[-106.0782,39.48]},"properties":{"name":"Breckenridge","vertical_m":993,"website":"https://www.breckenridge.com/"}},{"type":"Feature","geometry":{"type":"Point","coordinates":[-74.0192,43.6821]},"properties":{"name":"Gore Mountain","vertical_m":771,"website":"https://goremountain.com"}},{"type":"Feature","geometry":{"type":"Point","coordinates":[-71.9566,45.9278]},"properties":{"name":"Mont Gleason","vertical_m":191,"website":"https://www.montgleason.ca/"}},{"type":"Feature","geometry":{"type":"Point","coordinates":[-99.8793,50.3178]},"properties":{"name":"Minnedosa Ski Valley","vertical_m":80,"website":"https://www.skivalley.ca/"}},{"type":"Feature","geometry":{"type":"Point","coordinates":[-149.6724,61.2535]},"properties":{"name":"Dyea Recreation Area","vertical_m":null,"website":"https://www.facebook.com/pages/Dyea-Recreation-Area/113238175365553"}},{"type":"Feature","geometry":{"type":"Point","coordinates":[-119.8769,39.3339]},"properties":{"name":"Sky Tavern","vertical_m":202,"website":"https://www.skytavern.com/"}},{"type":"Feature","geometry":{"type":"Point","coordinates":[-125.8492,52.5363]},"properties":{"name":"Tweedsmuir Ski Club","vertical_m":62,"website":"https://www.tweedsmuirskiclub.com/"}},{"type":"Feature","geometry":{"type":"Point","coordinates":[-80.6519,40.1094]},"properties":{"name":"Oglebay Ski and Snowboard Area","vertical_m":50,"website":"http://ski.oglebay-resort.com/index.cfm"}},{"type":"Feature","geometry":{"type":"Point","coordinates":[-111.8259,52.4128]},"properties":{"name":"Valley Ski Hill","vertical_m":52,"website":"https://www.valleyskihill.ca/"}},{"type":"Feature","geometry":{"type":"Point","coordinates":[-71.7946,43.1564]},"properties":{"name":"Pats Peak","vertical_m":229,"website":"https://www.patspeak.com/"}},{"type":"Feature","geometry":{"type":"Point","coordinates":[-87.5604,44.4601]},"properties":{"name":"Kewaunee County Winter Park","vertical_m":37,"website":null}},{"type":"Feature","geometry":{"type":"Point","coordinates":[-94.3782,46.4453]},"properties":{"name":"Mount Ski Gull","vertical_m":60,"website":"https://www.mountskigull.com"}},{"type":"Feature","geometry":{"type":"Point","coordinates":[-68.2833,45.3547]},"properties":{"name":"Mount Jefferson Ski Area","vertical_m":101,"website":"https://www.facebook.com/profile.php?id=100063549221774"}},{"type":"Feature","geometry":{"type":"Point","coordinates":[-68.1997,48.4676]},"properties":{"name":"Parc du Mont-Comi","vertical_m":287,"website":"https://mont-comi.ca/"}},{"type":"Feature","geometry":{"type":"Point","coordinates":[-120.2617,39.3515]},"properties":{"name":"Tahoe Donner Downhill Ski Area","vertical_m":149,"website":"https://www.tahoedonner.com/downhill-ski/"}},{"type":"Feature","geometry":{"type":"Point","coordinates":[-70.2953,48.1404]},"properties":{"name":"Hors-piste - Station de ski Mont-\u00c9douard","vertical_m":null,"website":null}},{"type":"Feature","geometry":{"type":"Point","coordinates":[-107.6623,37.8095]},"properties":{"name":"Kendall Mountain Recreation Area","vertical_m":69,"website":"https://www.skikendall.com/"}},{"type":"Feature","geometry":{"type":"Point","coordinates":[-79.6736,44.5465]},"properties":{"name":"Horseshoe Valley Resort","vertical_m":90,"website":"https://www.horseshoeresort.com/"}},{"type":"Feature","geometry":{"type":"Point","coordinates":[-105.7165,53.2224]},"properties":{"name":"Kinsmen","vertical_m":null,"website":"https://www.facebook.com/KinsmenLittleRed/"}},{"type":"Feature","geometry":{"type":"Point","coordinates":[-78.6585,42.5998]},"properties":{"name":"Kissing Bridge","vertical_m":158,"website":"https://www.kbski.com/"}},{"type":"Feature","geometry":{"type":"Point","coordinates":[-73.8297,46.0398]},"properties":{"name":"Ski Montcalm","vertical_m":112,"website":"https://www.skimontcalm.com/"}},{"type":"Feature","geometry":{"type":"Point","coordinates":[-71.4399,43.0049]},"properties":{"name":"McIntyre Ski Area","vertical_m":48,"website":"https://www.mcintyreskiarea.com/"}},{"type":"Feature","geometry":{"type":"Point","coordinates":[-72.9339,44.3206]},"properties":{"name":"Camel's Hump Nordic Ski Area","vertical_m":297,"website":"https://camelshumpskiers.org/"}},{"type":"Feature","geometry":{"type":"Point","coordinates":[-107.3138,38.0105]},"properties":{"name":"Lake City Ski Hill","vertical_m":67,"website":"https://www.skilakecity.com/"}},{"type":"Feature","geometry":{"type":"Point","coordinates":[-71.1888,46.9926]},"properties":{"name":"A venir","vertical_m":216,"website":null}},{"type":"Feature","geometry":{"type":"Point","coordinates":[-120.2635,55.713]},"properties":{"name":"Bear Mountain Ski Hill","vertical_m":124,"website":"https://bearmtnskihill.com/"}},{"type":"Feature","geometry":{"type":"Point","coordinates":[-72.6113,43.9365]},"properties":{"name":"The Vermont Tech Rope Tow","vertical_m":38,"website":"https://athletics.vtc.edu/intramurals/ropetow"}},{"type":"Feature","geometry":{"type":"Point","coordinates":[-88.0849,45.8369]},"properties":{"name":"Pine Mountain Ski Hill","vertical_m":113,"website":"https://www.pinemountainresort.com/"}},{"type":"Feature","geometry":{"type":"Point","coordinates":[-71.6309,48.5468]},"properties":{"name":"Mont Villa Saguenay","vertical_m":53,"website":"https://maneige.ski/en/stations/centre-de-ski-mont-villa-saguenay/"}},{"type":"Feature","geometry":{"type":"Point","coordinates":[-88.9022,45.2711]},"properties":{"name":"Kettlebowl","vertical_m":59,"website":"https://kettlebowl.org/"}},{"type":"Feature","geometry":{"type":"Point","coordinates":[-65.7195,48.3175]},"properties":{"name":"Pin Rouge","vertical_m":448,"website":"https://www.pinrouge.com/"}},{"type":"Feature","geometry":{"type":"Point","coordinates":[-128.9641,54.4931]},"properties":{"name":"Shames Mountain","vertical_m":446,"website":"http://www.shamesmountain.com"}},{"type":"Feature","geometry":{"type":"Point","coordinates":[-111.8672,41.3024]},"properties":{"name":"Nordic Valley Resort","vertical_m":518,"website":"https://nordicvalley.ski/"}},{"type":"Feature","geometry":{"type":"Point","coordinates":[-106.8375,40.4748]},"properties":{"name":"Howelson Hill Ski Area","vertical_m":137,"website":"https://steamboatsprings.net/131/Howelsen-Hill-Ski-Area"}},{"type":"Feature","geometry":{"type":"Point","coordinates":[-122.7944,53.9838]},"properties":{"name":"Hart Highlands","vertical_m":47,"website":"https://www.facebook.com/Hart-Highlands-Winter-Club-Hart-Ski-Hill-244125978982874/"}},{"type":"Feature","geometry":{"type":"Point","coordinates":[-83.8092,42.5395]},"properties":{"name":"Mt Brighton","vertical_m":54,"website":"https://www.mtbrighton.com/"}},{"type":"Feature","geometry":{"type":"Point","coordinates":[-119.2428,49.1587]},"properties":{"name":"Mt. Baldy Family Ski Area","vertical_m":387,"website":"https://baldyresort.com/"}},{"type":"Feature","geometry":{"type":"Point","coordinates":[-67.8223,46.5239]},"properties":{"name":"Big Rock Mountain","vertical_m":286,"website":"https://www.bigrockmaine.com"}},{"type":"Feature","geometry":{"type":"Point","coordinates":[-70.9314,46.3702]},"properties":{"name":"Club ski Beauce","vertical_m":70,"website":null}},{"type":"Feature","geometry":{"type":"Point","coordinates":[-115.1062,49.457]},"properties":{"name":"Fernie Alpine Resort","vertical_m":1038,"website":"https://www.skifernie.com"}},{"type":"Feature","geometry":{"type":"Point","coordinates":[-98.5738,44.0752]},"properties":{"name":"Winter park","vertical_m":null,"website":"https://wessingtonsprings.com/winterpark"}},{"type":"Feature","geometry":{"type":"Point","coordinates":[-81.8251,36.1434]},"properties":{"name":"Hawksnest Snow Tubing","vertical_m":27,"website":"https://hawksnesttubing.com"}},{"type":"Feature","geometry":{"type":"Point","coordinates":[-70.4807,48.4009]},"properties":{"name":"Les montagnes bleues du Tableau","vertical_m":131,"website":null}},{"type":"Feature","geometry":{"type":"Point","coordinates":[-80.377,44.5299]},"properties":{"name":"Georgian Peaks Club","vertical_m":249,"website":"https://www.georgianpeaks.com/"}},{"type":"Feature","geometry":{"type":"Point","coordinates":[-72.5931,42.5383]},"properties":{"name":"Easton Ski Area","vertical_m":134,"website":"https://www.eaglebrook.org/"}},{"type":"Feature","geometry":{"type":"Point","coordinates":[-70.5932,47.2799]},"properties":{"name":"Le Massif","vertical_m":754,"website":"https://www.lemassif.com/"}},{"type":"Feature","geometry":{"type":"Point","coordinates":[-72.4495,43.6723]},"properties":{"name":"Seaver Hill","vertical_m":null,"website":"https://www.newenglandskihistory.com/Vermont/pomfret.php"}},{"type":"Feature","geometry":{"type":"Point","coordinates":[-97.9386,46.5315]},"properties":{"name":"Thrill Hills","vertical_m":78,"website":"https://www.skibearsden.com/"}},{"type":"Feature","geometry":{"type":"Point","coordinates":[-121.3694,51.6212]},"properties":{"name":"99 Mile Recreation Trails","vertical_m":143,"website":"https://100milenordics.com/"}},{"type":"Feature","geometry":{"type":"Point","coordinates":[-98.0671,48.9108]},"properties":{"name":"Frost Fire Park","vertical_m":102,"website":"https://frostfirepark.org/"}},{"type":"Feature","geometry":{"type":"Point","coordinates":[-121.6594,45.3376]},"properties":{"name":"Mt. Hood Meadows Ski Resort","vertical_m":846,"website":"https://www.skihood.com/"}},{"type":"Feature","geometry":{"type":"Point","coordinates":[-115.6434,48.6061]},"properties":{"name":"Turner Mountain","vertical_m":634,"website":"https://www.skiturner.com/"}},{"type":"Feature","geometry":{"type":"Point","coordinates":[-68.0355,46.8611]},"properties":{"name":"Caribou High School Hill","vertical_m":null,"website":null}},{"type":"Feature","geometry":{"type":"Point","coordinates":[-116.0936,43.7784]},"properties":{"name":"Bogus Basin Mountain Recreation Area","vertical_m":545,"website":"https://bogusbasin.org"}},{"type":"Feature","geometry":{"type":"Point","coordinates":[-74.5115,42.1309]},"properties":{"name":"Belleayre Mountain Ski Center","vertical_m":419,"website":"https://www.belleayre.com/"}},{"type":"Feature","geometry":{"type":"Point","coordinates":[-87.4191,46.5053]},"properties":{"name":"Marquette Mountain","vertical_m":159,"website":"https://marquettemountain.com/"}},{"type":"Feature","geometry":{"type":"Point","coordinates":[-79.2639,45.2872]},"properties":{"name":"Fiddlehead Mountain","vertical_m":56,"website":null}},{"type":"Feature","geometry":{"type":"Point","coordinates":[-89.9727,46.5043]},"properties":{"name":"Jackson Creek Summit","vertical_m":163,"website":"https://www.snowriver.com/"}},{"type":"Feature","geometry":{"type":"Point","coordinates":[-72.4636,43.4625]},"properties":{"name":"Ascutney Outdoors","vertical_m":135,"website":"https://www.ascutneyoutdoors.org/"}},{"type":"Feature","geometry":{"type":"Point","coordinates":[-118.1264,50.9687]},"properties":{"name":"Revelstoke Mountain Resort","vertical_m":1709,"website":"https://www.revelstokemountainresort.com/"}},{"type":"Feature","geometry":{"type":"Point","coordinates":[-113.2174,52.9848]},"properties":{"name":"Gwynne Valley","vertical_m":40,"website":"https://www.gwynnevalley.ca/"}},{"type":"Feature","geometry":{"type":"Point","coordinates":[-75.4247,43.6399]},"properties":{"name":"Snow Ridge","vertical_m":139,"website":"https://snowridge.com"}},{"type":"Feature","geometry":{"type":"Point","coordinates":[-72.4547,43.1286]},"properties":{"name":"Bellows Falls Ski Tow","vertical_m":70,"website":"https://www.facebook.com/Bellows-Falls-Rope-tow-191875957504078/"}},{"type":"Feature","geometry":{"type":"Point","coordinates":[-89.4077,44.4362]},"properties":{"name":"Standing Rocks","vertical_m":44,"website":"https://www.co.portage.wi.gov/329/Standing-Rocks-Park"}},{"type":"Feature","geometry":{"type":"Point","coordinates":[-75.3527,41.0483]},"properties":{"name":"Camelback Mountain Resort","vertical_m":245,"website":"https://www.skicamelback.com/"}},{"type":"Feature","geometry":{"type":"Point","coordinates":[-120.1734,39.0774]},"properties":{"name":"Homewood Ski Area","vertical_m":500,"website":"https://www.skihomewood.com/"}},{"type":"Feature","geometry":{"type":"Point","coordinates":[-118.9316,49.7341]},"properties":{"name":"Big White Ski Resort","vertical_m":759,"website":"https://www.bigwhite.com/"}},{"type":"Feature","geometry":{"type":"Point","coordinates":[-80.3178,44.4996]},"properties":{"name":"Blue Mountain Ski Resort","vertical_m":220,"website":"https://www.bluemountain.ca"}},{"type":"Feature","geometry":{"type":"Point","coordinates":[-120.9036,40.3433]},"properties":{"name":"Coppervale","vertical_m":169,"website":"https://www.lassencollege.edu/about-us/about-the-area/coppervale"}},{"type":"Feature","geometry":{"type":"Point","coordinates":[-74.2129,45.9995]},"properties":{"name":"Belle Neige","vertical_m":null,"website":"https://www.belleneige.com/"}},{"type":"Feature","geometry":{"type":"Point","coordinates":[-113.1347,45.436]},"properties":{"name":"Maverick Mountain Ski Area","vertical_m":442,"website":"https://www.skimaverick.com/"}},{"type":"Feature","geometry":{"type":"Point","coordinates":[-72.9292,41.5814]},"properties":{"name":"Mount Southington Ski Area","vertical_m":109,"website":"https://mountsouthington.com/"}},{"type":"Feature","geometry":{"type":"Point","coordinates":[-71.6082,48.3514]},"properties":{"name":"Mont Lac-Vert","vertical_m":225,"website":"https://www.montlacvert.qc.ca/"}},{"type":"Feature","geometry":{"type":"Point","coordinates":[-78.9401,37.9177]},"properties":{"name":"Wintergreen Ski Resort","vertical_m":302,"website":"https://www.wintergreenresort.com"}},{"type":"Feature","geometry":{"type":"Point","coordinates":[-109.6752,48.1622]},"properties":{"name":"Bear Paw Ski Bowl","vertical_m":265,"website":"https://www.bearpawskibowl.org/"}},{"type":"Feature","geometry":{"type":"Point","coordinates":[-70.0932,47.7692]},"properties":{"name":"Mont Grand-Fonds","vertical_m":331,"website":"https://www.montgrandfonds.com"}},{"type":"Feature","geometry":{"type":"Point","coordinates":[-111.1348,56.6645]},"properties":{"name":"Vista Ridge","vertical_m":125,"website":"https://www.vistaridge.ab.ca/"}},{"type":"Feature","geometry":{"type":"Point","coordinates":[-71.1094,44.0537]},"properties":{"name":"Cranmore Tubing Park","vertical_m":17,"website":null}},{"type":"Feature","geometry":{"type":"Point","coordinates":[-72.7333,43.4073]},"properties":{"name":"Okemo Mountain","vertical_m":660,"website":"https://www.okemo.com"}},{"type":"Feature","geometry":{"type":"Point","coordinates":[-76.7866,45.2695]},"properties":{"name":"Calabogie Peaks","vertical_m":214,"website":"https://www.calabogie.com/"}},{"type":"Feature","geometry":{"type":"Point","coordinates":[-88.428,42.7333]},"properties":{"name":"Alpine Valley Resort","vertical_m":89,"website":"https://www.alpinevalleyresort.com/"}},{"type":"Feature","geometry":{"type":"Point","coordinates":[-88.5577,47.1015]},"properties":{"name":"Tolkien Trails","vertical_m":19,"website":null}},{"type":"Feature","geometry":{"type":"Point","coordinates":[-84.9036,45.4678]},"properties":{"name":"Nub's Nob","vertical_m":123,"website":"https://www.nubsnob.com/"}},{"type":"Feature","geometry":{"type":"Point","coordinates":[-111.4313,45.2385]},"properties":{"name":"Yellowstone Club","vertical_m":811,"website":"https://yellowstoneclub.com/"}},{"type":"Feature","geometry":{"type":"Point","coordinates":[-71.5738,44.4559]},"properties":{"name":"Mount Prospect Ski Tow","vertical_m":73,"website":"http://www.skiprospect.com/"}},{"type":"Feature","geometry":{"type":"Point","coordinates":[-71.7756,44.2971]},"properties":{"name":"Mt. Eustis","vertical_m":82,"website":"https://www.mteustis.org/"}},{"type":"Feature","geometry":{"type":"Point","coordinates":[-79.1325,45.3546]},"properties":{"name":"Hidden Valley Highlands Ski Area","vertical_m":100,"website":"https://www.skihiddenvalley.on.ca/"}},{"type":"Feature","geometry":{"type":"Point","coordinates":[-67.5796,48.4777]},"properties":{"name":"Val-d'Ir\u00e8ne","vertical_m":245,"website":"https://valdi.ski/en/home.html"}},{"type":"Feature","geometry":{"type":"Point","coordinates":[-123.084,49.3793]},"properties":{"name":"Grouse Mountain","vertical_m":356,"website":"https://www.grousemountain.com/"}},{"type":"Feature","geometry":{"type":"Point","coordinates":[-72.9382,43.2211]},"properties":{"name":"Bromley Mountain Ski Resort;Bromley Mountain","vertical_m":393,"website":"https://www.bromley.com/"}},{"type":"Feature","geometry":{"type":"Point","coordinates":[-76.1628,42.7709]},"properties":{"name":"Song Mountain Resort","vertical_m":174,"website":"https://www.skicny.com/"}},{"type":"Feature","geometry":{"type":"Point","coordinates":[-111.8295,41.0956]},"properties":{"name":"Wasatch Peaks Ranch","vertical_m":973,"website":"https://www.mirrranchgroup.com/ranches/wasatch-peaks-ranch/"}},{"type":"Feature","geometry":{"type":"Point","coordinates":[-120.2501,39.1924]},"properties":{"name":"Palisades Tahoe Olympic Valley","vertical_m":774,"website":"https://www.palisadestahoe.com"}},{"type":"Feature","geometry":{"type":"Point","coordinates":[-71.6099,43.8662]},"properties":{"name":"Campton Mountain","vertical_m":93,"website":"https://camptonmountain.com/"}},{"type":"Feature","geometry":{"type":"Point","coordinates":[-72.7415,41.501]},"properties":{"name":"Powder Ridge Ski Area","vertical_m":126,"website":"https://powderridgepark.com/"}},{"type":"Feature","geometry":{"type":"Point","coordinates":[-121.4218,47.4205]},"properties":{"name":"Summit West","vertical_m":233,"website":null}},{"type":"Feature","geometry":{"type":"Point","coordinates":[-100.4352,25.2319]},"properties":{"name":"Bosques de Monterreal","vertical_m":49,"website":"https://www.monterreal.com/"}},{"type":"Feature","geometry":{"type":"Point","coordinates":[-70.9264,46.3693]},"properties":{"name":"Club de ski de Beauce","vertical_m":null,"website":"https://www.clubskibeauce.com/"}},{"type":"Feature","geometry":{"type":"Point","coordinates":[-110.7085,46.8358]},"properties":{"name":"Showdown","vertical_m":400,"website":"https://www.showdownmontana.com/"}},{"type":"Feature","geometry":{"type":"Point","coordinates":[-89.0894,46.7711]},"properties":{"name":"Adventure Mountain","vertical_m":35,"website":"https://www.theenchantedforest.com/html/greenland.html"}},{"type":"Feature","geometry":{"type":"Point","coordinates":[-71.702,44.1685]},"properties":{"name":"Cannon Mountain","vertical_m":657,"website":"https://www.cannonmt.com/"}},{"type":"Feature","geometry":{"type":"Point","coordinates":[-114.4527,49.6013]},"properties":{"name":"Pass Powderkeg ski","vertical_m":295,"website":"https://www.passpowderkeg.com/"}},{"type":"Feature","geometry":{"type":"Point","coordinates":[-115.0477,49.5166]},"properties":{"name":"Fernie Golf Course","vertical_m":7,"website":"https://www.fernienordic.com/"}},{"type":"Feature","geometry":{"type":"Point","coordinates":[-90.7216,44.0218]},"properties":{"name":"Whitetail Ridge","vertical_m":null,"website":"https://mccoy.armymwr.com/programs/whitetail-ridge-ski-area"}},{"type":"Feature","geometry":{"type":"Point","coordinates":[-77.7508,40.7681]},"properties":{"name":"Tussey Mountain","vertical_m":150,"website":null}},{"type":"Feature","geometry":{"type":"Point","coordinates":[-88.0165,42.9216]},"properties":{"name":"Crystal Ridge (Rock Snowpark)","vertical_m":68,"website":"https://crystalridge.com/"}},{"type":"Feature","geometry":{"type":"Point","coordinates":[-90.8228,42.5165]},"properties":{"name":"Sundown Mountain Resort","vertical_m":131,"website":"https://sundownmtn.com/"}},{"type":"Feature","geometry":{"type":"Point","coordinates":[-75.9386,45.6455]},"properties":{"name":"Centre Vorlage","vertical_m":130,"website":"https://centrevorlage.ca/"}},{"type":"Feature","geometry":{"type":"Point","coordinates":[-117.9144,34.3446]},"properties":{"name":"Buckhorn Ski Club","vertical_m":null,"website":"https://www.buckhornlodge.org/"}},{"type":"Feature","geometry":{"type":"Point","coordinates":[-110.9087,45.8225]},"properties":{"name":"Bridger Bowl","vertical_m":592,"website":"https://bridgerbowl.com"}},{"type":"Feature","geometry":{"type":"Point","coordinates":[-68.8945,47.6651]},"properties":{"name":"Centre de plein air familiale Richelieu","vertical_m":37,"website":"https://www.montpits.com/"}},{"type":"Feature","geometry":{"type":"Point","coordinates":[-88.251,43.3728]},"properties":{"name":"CLCF Nordic","vertical_m":58,"website":"https://theclcf.org/preserves/fox-hill-nature-preserve/"}},{"type":"Feature","geometry":{"type":"Point","coordinates":[-111.5651,40.7083]},"properties":{"name":"Utah Olympic Park","vertical_m":366,"website":null}}]}